abbreviation,meaning,category,notes,source,source_url,source_record_id,observed_at
A,Kustwacht / KNRM / Reddingsbrigade,Kustwacht/KNRM/Reddingsbrigade,,tomzulu_abbreviations,https://docs.google.com/spreadsheets/d/e/2PACX-1vQEUdOx_hCvNSkygQpbcwzWVBxQnXrsBoDD8raIOipSGhWqzfE4WfI0e33keKa9c02AShV1KTW3A8wq/pubhtml/sheet?headers=false&gid=1882334994,Kustwacht/KNRM/Reddingsbrigade:2:1:3,
AAR,Reddingsbrigade Alphen a/d Rijn,Kustwacht/KNRM/Reddingsbrigade,,tomzulu_abbreviations,https://docs.google.com/spreadsheets/d/e/2PACX-1vQEUdOx_hCvNSkygQpbcwzWVBxQnXrsBoDD8raIOipSGhWqzfE4WfI0e33keKa9c02AShV1KTW3A8wq/pubhtml/sheet?headers=false&gid=1882334994,Kustwacht/KNRM/Reddingsbrigade:2:1:4,
ABD,Reddingsbrigade Alblasserdam,Kustwacht/KNRM/Reddingsbrigade,,tomzulu_abbreviations,https://docs.google.com/spreadsheets/d/e/2PACX-1vQEUdOx_hCvNSkygQpbcwzWVBxQnXrsBoDD8raIOipSGhWqzfE4WfI0e33keKa9c02AShV1KTW3A8wq/pubhtml/sheet?headers=false&gid=1882334994,Kustwacht/KNRM/Reddingsbrigade:2:1:5,
ADRIA,Adriana II = Reddingboot van reddingsbrigade Almere,Kustwacht/KNRM/Reddingsbrigade,,tomzulu_abbreviations,https://docs.google.com/spreadsheets/d/e/2PACX-1vQEUdOx_hCvNSkygQpbcwzWVBxQnXrsBoDD8raIOipSGhWqzfE4WfI0e33keKa9c02AShV1KTW3A8wq/pubhtml/sheet?headers=false&gid=1882334994,Kustwacht/KNRM/Reddingsbrigade:2:1:6,
AGUB,Agusta Bell SAR Heli uit Leeuwarden,Kustwacht/KNRM/Reddingsbrigade,,tomzulu_abbreviations,https://docs.google.com/spreadsheets/d/e/2PACX-1vQEUdOx_hCvNSkygQpbcwzWVBxQnXrsBoDD8raIOipSGhWqzfE4WfI0e33keKa9c02AShV1KTW3A8wq/pubhtml/sheet?headers=false&gid=1882334994,Kustwacht/KNRM/Reddingsbrigade:2:1:7,
ALBERT,Albertus II = Reddingboot van reddingsbrigade Almere,Kustwacht/KNRM/Reddingsbrigade,,tomzulu_abbreviations,https://docs.google.com/spreadsheets/d/e/2PACX-1vQEUdOx_hCvNSkygQpbcwzWVBxQnXrsBoDD8raIOipSGhWqzfE4WfI0e33keKa9c02AShV1KTW3A8wq/pubhtml/sheet?headers=false&gid=1882334994,Kustwacht/KNRM/Reddingsbrigade:2:1:8,
ALD,Reddingsbrigade Ameland,Kustwacht/KNRM/Reddingsbrigade,,tomzulu_abbreviations,https://docs.google.com/spreadsheets/d/e/2PACX-1vQEUdOx_hCvNSkygQpbcwzWVBxQnXrsBoDD8raIOipSGhWqzfE4WfI0e33keKa9c02AShV1KTW3A8wq/pubhtml/sheet?headers=false&gid=1882334994,Kustwacht/KNRM/Reddingsbrigade:2:1:9,
ALM,Reddingsbrigade Almere,Kustwacht/KNRM/Reddingsbrigade,,tomzulu_abbreviations,https://docs.google.com/spreadsheets/d/e/2PACX-1vQEUdOx_hCvNSkygQpbcwzWVBxQnXrsBoDD8raIOipSGhWqzfE4WfI0e33keKa9c02AShV1KTW3A8wq/pubhtml/sheet?headers=false&gid=1882334994,Kustwacht/KNRM/Reddingsbrigade:2:1:10,
AMB,Ameland Ballumerbocht Reddingsboot Anna Margaretha,Kustwacht/KNRM/Reddingsbrigade,,tomzulu_abbreviations,https://docs.google.com/spreadsheets/d/e/2PACX-1vQEUdOx_hCvNSkygQpbcwzWVBxQnXrsBoDD8raIOipSGhWqzfE4WfI0e33keKa9c02AShV1KTW3A8wq/pubhtml/sheet?headers=false&gid=1882334994,Kustwacht/KNRM/Reddingsbrigade:2:1:11,
AMB,KNRM station Ameland Ballumerbocht,Kustwacht/KNRM/Reddingsbrigade,,tomzulu_abbreviations,https://docs.google.com/spreadsheets/d/e/2PACX-1vQEUdOx_hCvNSkygQpbcwzWVBxQnXrsBoDD8raIOipSGhWqzfE4WfI0e33keKa9c02AShV1KTW3A8wq/pubhtml/sheet?headers=false&gid=1882334994,Kustwacht/KNRM/Reddingsbrigade:2:1:12,
AMF,Reddingsbrigade Amersfoort,Kustwacht/KNRM/Reddingsbrigade,,tomzulu_abbreviations,https://docs.google.com/spreadsheets/d/e/2PACX-1vQEUdOx_hCvNSkygQpbcwzWVBxQnXrsBoDD8raIOipSGhWqzfE4WfI0e33keKa9c02AShV1KTW3A8wq/pubhtml/sheet?headers=false&gid=1882334994,Kustwacht/KNRM/Reddingsbrigade:2:1:13,
AMN,Ameland Nes Reddingboot Maria Hofker,Kustwacht/KNRM/Reddingsbrigade,,tomzulu_abbreviations,https://docs.google.com/spreadsheets/d/e/2PACX-1vQEUdOx_hCvNSkygQpbcwzWVBxQnXrsBoDD8raIOipSGhWqzfE4WfI0e33keKa9c02AShV1KTW3A8wq/pubhtml/sheet?headers=false&gid=1882334994,Kustwacht/KNRM/Reddingsbrigade:2:1:14,
AMN,KNRM station Ameland Nes,Kustwacht/KNRM/Reddingsbrigade,,tomzulu_abbreviations,https://docs.google.com/spreadsheets/d/e/2PACX-1vQEUdOx_hCvNSkygQpbcwzWVBxQnXrsBoDD8raIOipSGhWqzfE4WfI0e33keKa9c02AShV1KTW3A8wq/pubhtml/sheet?headers=false&gid=1882334994,Kustwacht/KNRM/Reddingsbrigade:2:1:15,
AMNkhv,Ameland Nes Kusthulpverrleningvoertuig,Kustwacht/KNRM/Reddingsbrigade,,tomzulu_abbreviations,https://docs.google.com/spreadsheets/d/e/2PACX-1vQEUdOx_hCvNSkygQpbcwzWVBxQnXrsBoDD8raIOipSGhWqzfE4WfI0e33keKa9c02AShV1KTW3A8wq/pubhtml/sheet?headers=false&gid=1882334994,Kustwacht/KNRM/Reddingsbrigade:2:1:16,
AND,Reddingboot `t Span,Kustwacht/KNRM/Reddingsbrigade,,tomzulu_abbreviations,https://docs.google.com/spreadsheets/d/e/2PACX-1vQEUdOx_hCvNSkygQpbcwzWVBxQnXrsBoDD8raIOipSGhWqzfE4WfI0e33keKa9c02AShV1KTW3A8wq/pubhtml/sheet?headers=false&gid=1882334994,Kustwacht/KNRM/Reddingsbrigade:2:1:17,
AND,Reddingsbrigade Andijk,Kustwacht/KNRM/Reddingsbrigade,,tomzulu_abbreviations,https://docs.google.com/spreadsheets/d/e/2PACX-1vQEUdOx_hCvNSkygQpbcwzWVBxQnXrsBoDD8raIOipSGhWqzfE4WfI0e33keKa9c02AShV1KTW3A8wq/pubhtml/sheet?headers=false&gid=1882334994,Kustwacht/KNRM/Reddingsbrigade:2:1:18,
APD,Reddingsbrigade Apeldoorn,Kustwacht/KNRM/Reddingsbrigade,,tomzulu_abbreviations,https://docs.google.com/spreadsheets/d/e/2PACX-1vQEUdOx_hCvNSkygQpbcwzWVBxQnXrsBoDD8raIOipSGhWqzfE4WfI0e33keKa9c02AShV1KTW3A8wq/pubhtml/sheet?headers=false&gid=1882334994,Kustwacht/KNRM/Reddingsbrigade:2:1:19,
APM,Reddingsbrigade Appingendam,Kustwacht/KNRM/Reddingsbrigade,,tomzulu_abbreviations,https://docs.google.com/spreadsheets/d/e/2PACX-1vQEUdOx_hCvNSkygQpbcwzWVBxQnXrsBoDD8raIOipSGhWqzfE4WfI0e33keKa9c02AShV1KTW3A8wq/pubhtml/sheet?headers=false&gid=1882334994,Kustwacht/KNRM/Reddingsbrigade:2:1:20,
ASD,Reddingsbrigade Amsterdam,Kustwacht/KNRM/Reddingsbrigade,,tomzulu_abbreviations,https://docs.google.com/spreadsheets/d/e/2PACX-1vQEUdOx_hCvNSkygQpbcwzWVBxQnXrsBoDD8raIOipSGhWqzfE4WfI0e33keKa9c02AShV1KTW3A8wq/pubhtml/sheet?headers=false&gid=1882334994,Kustwacht/KNRM/Reddingsbrigade:2:1:21,
BDR,Reddingsbrigade Breda,Kustwacht/KNRM/Reddingsbrigade,,tomzulu_abbreviations,https://docs.google.com/spreadsheets/d/e/2PACX-1vQEUdOx_hCvNSkygQpbcwzWVBxQnXrsBoDD8raIOipSGhWqzfE4WfI0e33keKa9c02AShV1KTW3A8wq/pubhtml/sheet?headers=false&gid=1882334994,Kustwacht/KNRM/Reddingsbrigade:2:1:25,
BGN,Reddingsbrigade Bergen,Kustwacht/KNRM/Reddingsbrigade,,tomzulu_abbreviations,https://docs.google.com/spreadsheets/d/e/2PACX-1vQEUdOx_hCvNSkygQpbcwzWVBxQnXrsBoDD8raIOipSGhWqzfE4WfI0e33keKa9c02AShV1KTW3A8wq/pubhtml/sheet?headers=false&gid=1882334994,Kustwacht/KNRM/Reddingsbrigade:2:1:26,
BGN110,Strandvoertuig Reddingsbrigade Bergen,Kustwacht/KNRM/Reddingsbrigade,,tomzulu_abbreviations,https://docs.google.com/spreadsheets/d/e/2PACX-1vQEUdOx_hCvNSkygQpbcwzWVBxQnXrsBoDD8raIOipSGhWqzfE4WfI0e33keKa9c02AShV1KTW3A8wq/pubhtml/sheet?headers=false&gid=1882334994,Kustwacht/KNRM/Reddingsbrigade:2:1:27,
BLC,Reddingsbrigade Blaricum,Kustwacht/KNRM/Reddingsbrigade,,tomzulu_abbreviations,https://docs.google.com/spreadsheets/d/e/2PACX-1vQEUdOx_hCvNSkygQpbcwzWVBxQnXrsBoDD8raIOipSGhWqzfE4WfI0e33keKa9c02AShV1KTW3A8wq/pubhtml/sheet?headers=false&gid=1882334994,Kustwacht/KNRM/Reddingsbrigade:2:1:28,
BLD,Reddingsbrigade Bloemendaal,Kustwacht/KNRM/Reddingsbrigade,,tomzulu_abbreviations,https://docs.google.com/spreadsheets/d/e/2PACX-1vQEUdOx_hCvNSkygQpbcwzWVBxQnXrsBoDD8raIOipSGhWqzfE4WfI0e33keKa9c02AShV1KTW3A8wq/pubhtml/sheet?headers=false&gid=1882334994,Kustwacht/KNRM/Reddingsbrigade:2:1:29,
BLD210,Reddingsbrigade Bloemendaal Unimog U90 turbo,Kustwacht/KNRM/Reddingsbrigade,,tomzulu_abbreviations,https://docs.google.com/spreadsheets/d/e/2PACX-1vQEUdOx_hCvNSkygQpbcwzWVBxQnXrsBoDD8raIOipSGhWqzfE4WfI0e33keKa9c02AShV1KTW3A8wq/pubhtml/sheet?headers=false&gid=1882334994,Kustwacht/KNRM/Reddingsbrigade:2:1:30,
BLD218,Reddingsbrigade Bloemendaal Bondsreddingsvlet,Kustwacht/KNRM/Reddingsbrigade,,tomzulu_abbreviations,https://docs.google.com/spreadsheets/d/e/2PACX-1vQEUdOx_hCvNSkygQpbcwzWVBxQnXrsBoDD8raIOipSGhWqzfE4WfI0e33keKa9c02AShV1KTW3A8wq/pubhtml/sheet?headers=false&gid=1882334994,Kustwacht/KNRM/Reddingsbrigade:2:1:31,
BLD219,"Reddingsbrigade Bloemendaal Zodiac SRMN 5,5",Kustwacht/KNRM/Reddingsbrigade,,tomzulu_abbreviations,https://docs.google.com/spreadsheets/d/e/2PACX-1vQEUdOx_hCvNSkygQpbcwzWVBxQnXrsBoDD8raIOipSGhWqzfE4WfI0e33keKa9c02AShV1KTW3A8wq/pubhtml/sheet?headers=false&gid=1882334994,Kustwacht/KNRM/Reddingsbrigade:2:1:32,
BLD220,Reddingsbrigade Bloemendaal Strandvoertuig,Kustwacht/KNRM/Reddingsbrigade,,tomzulu_abbreviations,https://docs.google.com/spreadsheets/d/e/2PACX-1vQEUdOx_hCvNSkygQpbcwzWVBxQnXrsBoDD8raIOipSGhWqzfE4WfI0e33keKa9c02AShV1KTW3A8wq/pubhtml/sheet?headers=false&gid=1882334994,Kustwacht/KNRM/Reddingsbrigade:2:1:33,
BLD228,Reddingsbrigade Bloemendaal Bondsreddingsvlet,Kustwacht/KNRM/Reddingsbrigade,,tomzulu_abbreviations,https://docs.google.com/spreadsheets/d/e/2PACX-1vQEUdOx_hCvNSkygQpbcwzWVBxQnXrsBoDD8raIOipSGhWqzfE4WfI0e33keKa9c02AShV1KTW3A8wq/pubhtml/sheet?headers=false&gid=1882334994,Kustwacht/KNRM/Reddingsbrigade:2:1:34,
BLD229,"Reddingsbrigade Bloemendaal Zodiac SRMN 5,5",Kustwacht/KNRM/Reddingsbrigade,,tomzulu_abbreviations,https://docs.google.com/spreadsheets/d/e/2PACX-1vQEUdOx_hCvNSkygQpbcwzWVBxQnXrsBoDD8raIOipSGhWqzfE4WfI0e33keKa9c02AShV1KTW3A8wq/pubhtml/sheet?headers=false&gid=1882334994,Kustwacht/KNRM/Reddingsbrigade:2:1:35,
BLD230,Reddingsbrigade Bloemendaal Strandvoertuig,Kustwacht/KNRM/Reddingsbrigade,,tomzulu_abbreviations,https://docs.google.com/spreadsheets/d/e/2PACX-1vQEUdOx_hCvNSkygQpbcwzWVBxQnXrsBoDD8raIOipSGhWqzfE4WfI0e33keKa9c02AShV1KTW3A8wq/pubhtml/sheet?headers=false&gid=1882334994,Kustwacht/KNRM/Reddingsbrigade:2:1:36,
BLD249,Reddingsbrigade Bloemendaal Kawasaki ULTRA 300X,Kustwacht/KNRM/Reddingsbrigade,,tomzulu_abbreviations,https://docs.google.com/spreadsheets/d/e/2PACX-1vQEUdOx_hCvNSkygQpbcwzWVBxQnXrsBoDD8raIOipSGhWqzfE4WfI0e33keKa9c02AShV1KTW3A8wq/pubhtml/sheet?headers=false&gid=1882334994,Kustwacht/KNRM/Reddingsbrigade:2:1:37,
BLD250,Reddingsbrigade Bloemendaal Kawasaki Mule,Kustwacht/KNRM/Reddingsbrigade,,tomzulu_abbreviations,https://docs.google.com/spreadsheets/d/e/2PACX-1vQEUdOx_hCvNSkygQpbcwzWVBxQnXrsBoDD8raIOipSGhWqzfE4WfI0e33keKa9c02AShV1KTW3A8wq/pubhtml/sheet?headers=false&gid=1882334994,Kustwacht/KNRM/Reddingsbrigade:2:1:38,
BLD259,Reddingsbrigade Bloemendaal Zodiac Pro 4.20,Kustwacht/KNRM/Reddingsbrigade,,tomzulu_abbreviations,https://docs.google.com/spreadsheets/d/e/2PACX-1vQEUdOx_hCvNSkygQpbcwzWVBxQnXrsBoDD8raIOipSGhWqzfE4WfI0e33keKa9c02AShV1KTW3A8wq/pubhtml/sheet?headers=false&gid=1882334994,Kustwacht/KNRM/Reddingsbrigade:2:1:39,
BLD280,Reddingsbrigade Bloemendaal Jeep Wrangler Softtop U9,Kustwacht/KNRM/Reddingsbrigade,,tomzulu_abbreviations,https://docs.google.com/spreadsheets/d/e/2PACX-1vQEUdOx_hCvNSkygQpbcwzWVBxQnXrsBoDD8raIOipSGhWqzfE4WfI0e33keKa9c02AShV1KTW3A8wq/pubhtml/sheet?headers=false&gid=1882334994,Kustwacht/KNRM/Reddingsbrigade:2:1:40,
BLIZ,Blizzartd van Jachtservice Huizen,Kustwacht/KNRM/Reddingsbrigade,,tomzulu_abbreviations,https://docs.google.com/spreadsheets/d/e/2PACX-1vQEUdOx_hCvNSkygQpbcwzWVBxQnXrsBoDD8raIOipSGhWqzfE4WfI0e33keKa9c02AShV1KTW3A8wq/pubhtml/sheet?headers=false&gid=1882334994,Kustwacht/KNRM/Reddingsbrigade:2:1:41,
BOZ,Reddingsbrigade Bergen op Zoom,Kustwacht/KNRM/Reddingsbrigade,,tomzulu_abbreviations,https://docs.google.com/spreadsheets/d/e/2PACX-1vQEUdOx_hCvNSkygQpbcwzWVBxQnXrsBoDD8raIOipSGhWqzfE4WfI0e33keKa9c02AShV1KTW3A8wq/pubhtml/sheet?headers=false&gid=1882334994,Kustwacht/KNRM/Reddingsbrigade:2:1:42,
BRE,KNRM station Breskens (Westerschelde / Noordzee),Kustwacht/KNRM/Reddingsbrigade,,tomzulu_abbreviations,https://docs.google.com/spreadsheets/d/e/2PACX-1vQEUdOx_hCvNSkygQpbcwzWVBxQnXrsBoDD8raIOipSGhWqzfE4WfI0e33keKa9c02AShV1KTW3A8wq/pubhtml/sheet?headers=false&gid=1882334994,Kustwacht/KNRM/Reddingsbrigade:2:1:43,
BRE1,KNRM station Breskens Reddingboot Zeemanshoop,Kustwacht/KNRM/Reddingsbrigade,,tomzulu_abbreviations,https://docs.google.com/spreadsheets/d/e/2PACX-1vQEUdOx_hCvNSkygQpbcwzWVBxQnXrsBoDD8raIOipSGhWqzfE4WfI0e33keKa9c02AShV1KTW3A8wq/pubhtml/sheet?headers=false&gid=1882334994,Kustwacht/KNRM/Reddingsbrigade:2:1:44,
BRE2,KNRM station Breskens Reddingboot Leng,Kustwacht/KNRM/Reddingsbrigade,,tomzulu_abbreviations,https://docs.google.com/spreadsheets/d/e/2PACX-1vQEUdOx_hCvNSkygQpbcwzWVBxQnXrsBoDD8raIOipSGhWqzfE4WfI0e33keKa9c02AShV1KTW3A8wq/pubhtml/sheet?headers=false&gid=1882334994,Kustwacht/KNRM/Reddingsbrigade:2:1:45,
CAL,KNRM station Callantsoog (Noordzee),Kustwacht/KNRM/Reddingsbrigade,,tomzulu_abbreviations,https://docs.google.com/spreadsheets/d/e/2PACX-1vQEUdOx_hCvNSkygQpbcwzWVBxQnXrsBoDD8raIOipSGhWqzfE4WfI0e33keKa9c02AShV1KTW3A8wq/pubhtml/sheet?headers=false&gid=1882334994,Kustwacht/KNRM/Reddingsbrigade:2:1:48,
CAL,KNRM station Callantsoog Reddingboot Coen Oberman,Kustwacht/KNRM/Reddingsbrigade,,tomzulu_abbreviations,https://docs.google.com/spreadsheets/d/e/2PACX-1vQEUdOx_hCvNSkygQpbcwzWVBxQnXrsBoDD8raIOipSGhWqzfE4WfI0e33keKa9c02AShV1KTW3A8wq/pubhtml/sheet?headers=false&gid=1882334994,Kustwacht/KNRM/Reddingsbrigade:2:1:49,
CALkhv,KNRM station Callantsoog Kusthulpverleningsvoertuig,Kustwacht/KNRM/Reddingsbrigade,,tomzulu_abbreviations,https://docs.google.com/spreadsheets/d/e/2PACX-1vQEUdOx_hCvNSkygQpbcwzWVBxQnXrsBoDD8raIOipSGhWqzfE4WfI0e33keKa9c02AShV1KTW3A8wq/pubhtml/sheet?headers=false&gid=1882334994,Kustwacht/KNRM/Reddingsbrigade:2:1:50,
CALrba,Reddingsbrigade Callantsoog (Alarmploeg),Kustwacht/KNRM/Reddingsbrigade,,tomzulu_abbreviations,https://docs.google.com/spreadsheets/d/e/2PACX-1vQEUdOx_hCvNSkygQpbcwzWVBxQnXrsBoDD8raIOipSGhWqzfE4WfI0e33keKa9c02AShV1KTW3A8wq/pubhtml/sheet?headers=false&gid=1882334994,Kustwacht/KNRM/Reddingsbrigade:2:1:51,
CAS,Reddingsbrigade Castricum,Kustwacht/KNRM/Reddingsbrigade,,tomzulu_abbreviations,https://docs.google.com/spreadsheets/d/e/2PACX-1vQEUdOx_hCvNSkygQpbcwzWVBxQnXrsBoDD8raIOipSGhWqzfE4WfI0e33keKa9c02AShV1KTW3A8wq/pubhtml/sheet?headers=false&gid=1882334994,Kustwacht/KNRM/Reddingsbrigade:2:1:52,
CAS110,Reddingsbrigade Castricum Strandvoertuig,Kustwacht/KNRM/Reddingsbrigade,,tomzulu_abbreviations,https://docs.google.com/spreadsheets/d/e/2PACX-1vQEUdOx_hCvNSkygQpbcwzWVBxQnXrsBoDD8raIOipSGhWqzfE4WfI0e33keKa9c02AShV1KTW3A8wq/pubhtml/sheet?headers=false&gid=1882334994,Kustwacht/KNRM/Reddingsbrigade:2:1:53,
CDZ,KNRM station Cadzand (Noordzee),Kustwacht/KNRM/Reddingsbrigade,,tomzulu_abbreviations,https://docs.google.com/spreadsheets/d/e/2PACX-1vQEUdOx_hCvNSkygQpbcwzWVBxQnXrsBoDD8raIOipSGhWqzfE4WfI0e33keKa9c02AShV1KTW3A8wq/pubhtml/sheet?headers=false&gid=1882334994,Kustwacht/KNRM/Reddingsbrigade:2:1:54,
CDZ,KNRM station Cadzand Winifred Lucy Verkade-Clark,Kustwacht/KNRM/Reddingsbrigade,,tomzulu_abbreviations,https://docs.google.com/spreadsheets/d/e/2PACX-1vQEUdOx_hCvNSkygQpbcwzWVBxQnXrsBoDD8raIOipSGhWqzfE4WfI0e33keKa9c02AShV1KTW3A8wq/pubhtml/sheet?headers=false&gid=1882334994,Kustwacht/KNRM/Reddingsbrigade:2:1:55,
CDZkhv,KNRM station Cadzand Kusthulpverleningsvoertuig,Kustwacht/KNRM/Reddingsbrigade,,tomzulu_abbreviations,https://docs.google.com/spreadsheets/d/e/2PACX-1vQEUdOx_hCvNSkygQpbcwzWVBxQnXrsBoDD8raIOipSGhWqzfE4WfI0e33keKa9c02AShV1KTW3A8wq/pubhtml/sheet?headers=false&gid=1882334994,Kustwacht/KNRM/Reddingsbrigade:2:1:56,
CG01,Coast Guard 01 vliegtuig Kustwacht,Kustwacht/KNRM/Reddingsbrigade,,tomzulu_abbreviations,https://docs.google.com/spreadsheets/d/e/2PACX-1vQEUdOx_hCvNSkygQpbcwzWVBxQnXrsBoDD8raIOipSGhWqzfE4WfI0e33keKa9c02AShV1KTW3A8wq/pubhtml/sheet?headers=false&gid=1882334994,Kustwacht/KNRM/Reddingsbrigade:2:1:57,
CG02,Coast Guard 02 vliegtuig Kustwacht,Kustwacht/KNRM/Reddingsbrigade,,tomzulu_abbreviations,https://docs.google.com/spreadsheets/d/e/2PACX-1vQEUdOx_hCvNSkygQpbcwzWVBxQnXrsBoDD8raIOipSGhWqzfE4WfI0e33keKa9c02AShV1KTW3A8wq/pubhtml/sheet?headers=false&gid=1882334994,Kustwacht/KNRM/Reddingsbrigade:2:1:58,
CLB,Reddingsbrigade Culemborg,Kustwacht/KNRM/Reddingsbrigade,,tomzulu_abbreviations,https://docs.google.com/spreadsheets/d/e/2PACX-1vQEUdOx_hCvNSkygQpbcwzWVBxQnXrsBoDD8raIOipSGhWqzfE4WfI0e33keKa9c02AShV1KTW3A8wq/pubhtml/sheet?headers=false&gid=1882334994,Kustwacht/KNRM/Reddingsbrigade:2:1:59,
CLG,Reddingsbrigade Callantsoog,Kustwacht/KNRM/Reddingsbrigade,,tomzulu_abbreviations,https://docs.google.com/spreadsheets/d/e/2PACX-1vQEUdOx_hCvNSkygQpbcwzWVBxQnXrsBoDD8raIOipSGhWqzfE4WfI0e33keKa9c02AShV1KTW3A8wq/pubhtml/sheet?headers=false&gid=1882334994,Kustwacht/KNRM/Reddingsbrigade:2:1:60,
DBG,Reddingsbrigade Domburg,Kustwacht/KNRM/Reddingsbrigade,,tomzulu_abbreviations,https://docs.google.com/spreadsheets/d/e/2PACX-1vQEUdOx_hCvNSkygQpbcwzWVBxQnXrsBoDD8raIOipSGhWqzfE4WfI0e33keKa9c02AShV1KTW3A8wq/pubhtml/sheet?headers=false&gid=1882334994,Kustwacht/KNRM/Reddingsbrigade:2:1:62,
DBS,Reddingsbrigade Den Bosch,Kustwacht/KNRM/Reddingsbrigade,,tomzulu_abbreviations,https://docs.google.com/spreadsheets/d/e/2PACX-1vQEUdOx_hCvNSkygQpbcwzWVBxQnXrsBoDD8raIOipSGhWqzfE4WfI0e33keKa9c02AShV1KTW3A8wq/pubhtml/sheet?headers=false&gid=1882334994,Kustwacht/KNRM/Reddingsbrigade:2:1:63,
DEU,Reddingsbrigade Deurne,Kustwacht/KNRM/Reddingsbrigade,,tomzulu_abbreviations,https://docs.google.com/spreadsheets/d/e/2PACX-1vQEUdOx_hCvNSkygQpbcwzWVBxQnXrsBoDD8raIOipSGhWqzfE4WfI0e33keKa9c02AShV1KTW3A8wq/pubhtml/sheet?headers=false&gid=1882334994,Kustwacht/KNRM/Reddingsbrigade:2:1:64,
DFT,Reddingsbrigade Delft,Kustwacht/KNRM/Reddingsbrigade,,tomzulu_abbreviations,https://docs.google.com/spreadsheets/d/e/2PACX-1vQEUdOx_hCvNSkygQpbcwzWVBxQnXrsBoDD8raIOipSGhWqzfE4WfI0e33keKa9c02AShV1KTW3A8wq/pubhtml/sheet?headers=false&gid=1882334994,Kustwacht/KNRM/Reddingsbrigade:2:1:65,
DHD,Reddingsbrigade Den Helder,Kustwacht/KNRM/Reddingsbrigade,,tomzulu_abbreviations,https://docs.google.com/spreadsheets/d/e/2PACX-1vQEUdOx_hCvNSkygQpbcwzWVBxQnXrsBoDD8raIOipSGhWqzfE4WfI0e33keKa9c02AShV1KTW3A8wq/pubhtml/sheet?headers=false&gid=1882334994,Kustwacht/KNRM/Reddingsbrigade:2:1:66,
DHD310,Reddingsbrigade Den Helder Strandvoertuig,Kustwacht/KNRM/Reddingsbrigade,,tomzulu_abbreviations,https://docs.google.com/spreadsheets/d/e/2PACX-1vQEUdOx_hCvNSkygQpbcwzWVBxQnXrsBoDD8raIOipSGhWqzfE4WfI0e33keKa9c02AShV1KTW3A8wq/pubhtml/sheet?headers=false&gid=1882334994,Kustwacht/KNRM/Reddingsbrigade:2:1:67,
DHE,Den Helder Reddingboot Joke Dijkstra,Kustwacht/KNRM/Reddingsbrigade,,tomzulu_abbreviations,https://docs.google.com/spreadsheets/d/e/2PACX-1vQEUdOx_hCvNSkygQpbcwzWVBxQnXrsBoDD8raIOipSGhWqzfE4WfI0e33keKa9c02AShV1KTW3A8wq/pubhtml/sheet?headers=false&gid=1882334994,Kustwacht/KNRM/Reddingsbrigade:2:1:68,
DHE,KNRM Station Den Helder (Noordzeekust & Waddenzee),Kustwacht/KNRM/Reddingsbrigade,,tomzulu_abbreviations,https://docs.google.com/spreadsheets/d/e/2PACX-1vQEUdOx_hCvNSkygQpbcwzWVBxQnXrsBoDD8raIOipSGhWqzfE4WfI0e33keKa9c02AShV1KTW3A8wq/pubhtml/sheet?headers=false&gid=1882334994,Kustwacht/KNRM/Reddingsbrigade:2:1:69,
DHG,Reddingsbrigade Den Haag,Kustwacht/KNRM/Reddingsbrigade,,tomzulu_abbreviations,https://docs.google.com/spreadsheets/d/e/2PACX-1vQEUdOx_hCvNSkygQpbcwzWVBxQnXrsBoDD8raIOipSGhWqzfE4WfI0e33keKa9c02AShV1KTW3A8wq/pubhtml/sheet?headers=false&gid=1882334994,Kustwacht/KNRM/Reddingsbrigade:2:1:70,
DKG7295,Kusthulpverleningsvoertuig De Koog,Kustwacht/KNRM/Reddingsbrigade,,tomzulu_abbreviations,https://docs.google.com/spreadsheets/d/e/2PACX-1vQEUdOx_hCvNSkygQpbcwzWVBxQnXrsBoDD8raIOipSGhWqzfE4WfI0e33keKa9c02AShV1KTW3A8wq/pubhtml/sheet?headers=false&gid=1882334994,Kustwacht/KNRM/Reddingsbrigade:2:1:71,
DOE,KNRM Station Den Oever (Waddenzee & IJsselmeer),Kustwacht/KNRM/Reddingsbrigade,,tomzulu_abbreviations,https://docs.google.com/spreadsheets/d/e/2PACX-1vQEUdOx_hCvNSkygQpbcwzWVBxQnXrsBoDD8raIOipSGhWqzfE4WfI0e33keKa9c02AShV1KTW3A8wq/pubhtml/sheet?headers=false&gid=1882334994,Kustwacht/KNRM/Reddingsbrigade:2:1:72,
DOEbi,Den Oever Reddingboot Op Dreef,Kustwacht/KNRM/Reddingsbrigade,,tomzulu_abbreviations,https://docs.google.com/spreadsheets/d/e/2PACX-1vQEUdOx_hCvNSkygQpbcwzWVBxQnXrsBoDD8raIOipSGhWqzfE4WfI0e33keKa9c02AShV1KTW3A8wq/pubhtml/sheet?headers=false&gid=1882334994,Kustwacht/KNRM/Reddingsbrigade:2:1:73,
DOEbu,Den Oever Reddingboot Op Dreef,Kustwacht/KNRM/Reddingsbrigade,,tomzulu_abbreviations,https://docs.google.com/spreadsheets/d/e/2PACX-1vQEUdOx_hCvNSkygQpbcwzWVBxQnXrsBoDD8raIOipSGhWqzfE4WfI0e33keKa9c02AShV1KTW3A8wq/pubhtml/sheet?headers=false&gid=1882334994,Kustwacht/KNRM/Reddingsbrigade:2:1:74,
DOR,KNRM station Dordrecht (Hollands Diep),Kustwacht/KNRM/Reddingsbrigade,,tomzulu_abbreviations,https://docs.google.com/spreadsheets/d/e/2PACX-1vQEUdOx_hCvNSkygQpbcwzWVBxQnXrsBoDD8raIOipSGhWqzfE4WfI0e33keKa9c02AShV1KTW3A8wq/pubhtml/sheet?headers=false&gid=1882334994,Kustwacht/KNRM/Reddingsbrigade:2:1:75,
DORNOO,Dordrecht Reddingboot DRB 49 / Martijn Koenraad Hof (reservevloot),Kustwacht/KNRM/Reddingsbrigade,,tomzulu_abbreviations,https://docs.google.com/spreadsheets/d/e/2PACX-1vQEUdOx_hCvNSkygQpbcwzWVBxQnXrsBoDD8raIOipSGhWqzfE4WfI0e33keKa9c02AShV1KTW3A8wq/pubhtml/sheet?headers=false&gid=1882334994,Kustwacht/KNRM/Reddingsbrigade:2:1:76,
DORZUI,Dordrecht Reddingboot KBW 1910 Tjepke Ekkelboom,Kustwacht/KNRM/Reddingsbrigade,,tomzulu_abbreviations,https://docs.google.com/spreadsheets/d/e/2PACX-1vQEUdOx_hCvNSkygQpbcwzWVBxQnXrsBoDD8raIOipSGhWqzfE4WfI0e33keKa9c02AShV1KTW3A8wq/pubhtml/sheet?headers=false&gid=1882334994,Kustwacht/KNRM/Reddingsbrigade:2:1:77,
DRD,Reddingsbrigade Dordrecht,Kustwacht/KNRM/Reddingsbrigade,,tomzulu_abbreviations,https://docs.google.com/spreadsheets/d/e/2PACX-1vQEUdOx_hCvNSkygQpbcwzWVBxQnXrsBoDD8raIOipSGhWqzfE4WfI0e33keKa9c02AShV1KTW3A8wq/pubhtml/sheet?headers=false&gid=1882334994,Kustwacht/KNRM/Reddingsbrigade:2:1:78,
DRT,Reddingsbrigade Drachten,Kustwacht/KNRM/Reddingsbrigade,,tomzulu_abbreviations,https://docs.google.com/spreadsheets/d/e/2PACX-1vQEUdOx_hCvNSkygQpbcwzWVBxQnXrsBoDD8raIOipSGhWqzfE4WfI0e33keKa9c02AShV1KTW3A8wq/pubhtml/sheet?headers=false&gid=1882334994,Kustwacht/KNRM/Reddingsbrigade:2:1:79,
DVT,Reddingsbrigade Deventer,Kustwacht/KNRM/Reddingsbrigade,,tomzulu_abbreviations,https://docs.google.com/spreadsheets/d/e/2PACX-1vQEUdOx_hCvNSkygQpbcwzWVBxQnXrsBoDD8raIOipSGhWqzfE4WfI0e33keKa9c02AShV1KTW3A8wq/pubhtml/sheet?headers=false&gid=1882334994,Kustwacht/KNRM/Reddingsbrigade:2:1:80,
DXO,Reddingsbrigade Dinxperlo,Kustwacht/KNRM/Reddingsbrigade,,tomzulu_abbreviations,https://docs.google.com/spreadsheets/d/e/2PACX-1vQEUdOx_hCvNSkygQpbcwzWVBxQnXrsBoDD8raIOipSGhWqzfE4WfI0e33keKa9c02AShV1KTW3A8wq/pubhtml/sheet?headers=false&gid=1882334994,Kustwacht/KNRM/Reddingsbrigade:2:1:81,
EAZ,KNRM station Egmond aan Zee (Noordzeekust),Kustwacht/KNRM/Reddingsbrigade,,tomzulu_abbreviations,https://docs.google.com/spreadsheets/d/e/2PACX-1vQEUdOx_hCvNSkygQpbcwzWVBxQnXrsBoDD8raIOipSGhWqzfE4WfI0e33keKa9c02AShV1KTW3A8wq/pubhtml/sheet?headers=false&gid=1882334994,Kustwacht/KNRM/Reddingsbrigade:2:1:83,
EAZ,KNRM station Egmond aan Zee Reddingboot Irene & Henk,Kustwacht/KNRM/Reddingsbrigade,,tomzulu_abbreviations,https://docs.google.com/spreadsheets/d/e/2PACX-1vQEUdOx_hCvNSkygQpbcwzWVBxQnXrsBoDD8raIOipSGhWqzfE4WfI0e33keKa9c02AShV1KTW3A8wq/pubhtml/sheet?headers=false&gid=1882334994,Kustwacht/KNRM/Reddingsbrigade:2:1:84,
EAZkhv,KNRM station Egmond aan Zee Kusthulpverleningsvoertuig,Kustwacht/KNRM/Reddingsbrigade,,tomzulu_abbreviations,https://docs.google.com/spreadsheets/d/e/2PACX-1vQEUdOx_hCvNSkygQpbcwzWVBxQnXrsBoDD8raIOipSGhWqzfE4WfI0e33keKa9c02AShV1KTW3A8wq/pubhtml/sheet?headers=false&gid=1882334994,Kustwacht/KNRM/Reddingsbrigade:2:1:85,
EEM,KNRM station Eemshaven (Noordzee / Waddenzee / Eemskanaal),Kustwacht/KNRM/Reddingsbrigade,,tomzulu_abbreviations,https://docs.google.com/spreadsheets/d/e/2PACX-1vQEUdOx_hCvNSkygQpbcwzWVBxQnXrsBoDD8raIOipSGhWqzfE4WfI0e33keKa9c02AShV1KTW3A8wq/pubhtml/sheet?headers=false&gid=1882334994,Kustwacht/KNRM/Reddingsbrigade:2:1:86,
EEM1,KNRM station Eemshaven Reddingboot Jan en Titia Visser,Kustwacht/KNRM/Reddingsbrigade,,tomzulu_abbreviations,https://docs.google.com/spreadsheets/d/e/2PACX-1vQEUdOx_hCvNSkygQpbcwzWVBxQnXrsBoDD8raIOipSGhWqzfE4WfI0e33keKa9c02AShV1KTW3A8wq/pubhtml/sheet?headers=false&gid=1882334994,Kustwacht/KNRM/Reddingsbrigade:2:1:87,
EEM2,KNRM station Eemshaven Reddingboot Engelina,Kustwacht/KNRM/Reddingsbrigade,,tomzulu_abbreviations,https://docs.google.com/spreadsheets/d/e/2PACX-1vQEUdOx_hCvNSkygQpbcwzWVBxQnXrsBoDD8raIOipSGhWqzfE4WfI0e33keKa9c02AShV1KTW3A8wq/pubhtml/sheet?headers=false&gid=1882334994,Kustwacht/KNRM/Reddingsbrigade:2:1:88,
EGM,Reddingsbrigade Egmond aan Zee,Kustwacht/KNRM/Reddingsbrigade,,tomzulu_abbreviations,https://docs.google.com/spreadsheets/d/e/2PACX-1vQEUdOx_hCvNSkygQpbcwzWVBxQnXrsBoDD8raIOipSGhWqzfE4WfI0e33keKa9c02AShV1KTW3A8wq/pubhtml/sheet?headers=false&gid=1882334994,Kustwacht/KNRM/Reddingsbrigade:2:1:89,
EGM110,Reddingsbrigade Egmond aan Zee Strandvoeruig,Kustwacht/KNRM/Reddingsbrigade,,tomzulu_abbreviations,https://docs.google.com/spreadsheets/d/e/2PACX-1vQEUdOx_hCvNSkygQpbcwzWVBxQnXrsBoDD8raIOipSGhWqzfE4WfI0e33keKa9c02AShV1KTW3A8wq/pubhtml/sheet?headers=false&gid=1882334994,Kustwacht/KNRM/Reddingsbrigade:2:1:90,
EGZ7251,Reddingsbrigade Egmond aan Zee Kusthulpverleningsvoertuig,Kustwacht/KNRM/Reddingsbrigade,,tomzulu_abbreviations,https://docs.google.com/spreadsheets/d/e/2PACX-1vQEUdOx_hCvNSkygQpbcwzWVBxQnXrsBoDD8raIOipSGhWqzfE4WfI0e33keKa9c02AShV1KTW3A8wq/pubhtml/sheet?headers=false&gid=1882334994,Kustwacht/KNRM/Reddingsbrigade:2:1:91,
EHU,KNRM station Enkhuizen (IJsselmeer & Markermeer),Kustwacht/KNRM/Reddingsbrigade,,tomzulu_abbreviations,https://docs.google.com/spreadsheets/d/e/2PACX-1vQEUdOx_hCvNSkygQpbcwzWVBxQnXrsBoDD8raIOipSGhWqzfE4WfI0e33keKa9c02AShV1KTW3A8wq/pubhtml/sheet?headers=false&gid=1882334994,Kustwacht/KNRM/Reddingsbrigade:2:1:92,
EHUno1,KNRM station Enkhuizen Reddingboot Watersport KNWV,Kustwacht/KNRM/Reddingsbrigade,,tomzulu_abbreviations,https://docs.google.com/spreadsheets/d/e/2PACX-1vQEUdOx_hCvNSkygQpbcwzWVBxQnXrsBoDD8raIOipSGhWqzfE4WfI0e33keKa9c02AShV1KTW3A8wq/pubhtml/sheet?headers=false&gid=1882334994,Kustwacht/KNRM/Reddingsbrigade:2:1:93,
EHUno2,KNRM station Enkhuizen Reddingboot Rien Verloop,Kustwacht/KNRM/Reddingsbrigade,,tomzulu_abbreviations,https://docs.google.com/spreadsheets/d/e/2PACX-1vQEUdOx_hCvNSkygQpbcwzWVBxQnXrsBoDD8raIOipSGhWqzfE4WfI0e33keKa9c02AShV1KTW3A8wq/pubhtml/sheet?headers=false&gid=1882334994,Kustwacht/KNRM/Reddingsbrigade:2:1:94,
EHUzu1,KNRM station Enkhuizen Reddingboot Watersport KNWV,Kustwacht/KNRM/Reddingsbrigade,,tomzulu_abbreviations,https://docs.google.com/spreadsheets/d/e/2PACX-1vQEUdOx_hCvNSkygQpbcwzWVBxQnXrsBoDD8raIOipSGhWqzfE4WfI0e33keKa9c02AShV1KTW3A8wq/pubhtml/sheet?headers=false&gid=1882334994,Kustwacht/KNRM/Reddingsbrigade:2:1:95,
EHUzu2,KNRM station Enkhuizen Reddingboot Rien Verloop,Kustwacht/KNRM/Reddingsbrigade,,tomzulu_abbreviations,https://docs.google.com/spreadsheets/d/e/2PACX-1vQEUdOx_hCvNSkygQpbcwzWVBxQnXrsBoDD8raIOipSGhWqzfE4WfI0e33keKa9c02AShV1KTW3A8wq/pubhtml/sheet?headers=false&gid=1882334994,Kustwacht/KNRM/Reddingsbrigade:2:1:96,
EHV,Reddinsbrigade Eindhoven,Kustwacht/KNRM/Reddingsbrigade,,tomzulu_abbreviations,https://docs.google.com/spreadsheets/d/e/2PACX-1vQEUdOx_hCvNSkygQpbcwzWVBxQnXrsBoDD8raIOipSGhWqzfE4WfI0e33keKa9c02AShV1KTW3A8wq/pubhtml/sheet?headers=false&gid=1882334994,Kustwacht/KNRM/Reddingsbrigade:2:1:97,
ELB,KNRM station Elburg (Veluwemeer & Drontermeer),Kustwacht/KNRM/Reddingsbrigade,,tomzulu_abbreviations,https://docs.google.com/spreadsheets/d/e/2PACX-1vQEUdOx_hCvNSkygQpbcwzWVBxQnXrsBoDD8raIOipSGhWqzfE4WfI0e33keKa9c02AShV1KTW3A8wq/pubhtml/sheet?headers=false&gid=1882334994,Kustwacht/KNRM/Reddingsbrigade:2:1:98,
ELB,KNRM station Elburg Reddingboot Evert Floor,Kustwacht/KNRM/Reddingsbrigade,,tomzulu_abbreviations,https://docs.google.com/spreadsheets/d/e/2PACX-1vQEUdOx_hCvNSkygQpbcwzWVBxQnXrsBoDD8raIOipSGhWqzfE4WfI0e33keKa9c02AShV1KTW3A8wq/pubhtml/sheet?headers=false&gid=1882334994,Kustwacht/KNRM/Reddingsbrigade:2:1:99,
EMD,Reddingsbrigade Emmeloord,Kustwacht/KNRM/Reddingsbrigade,,tomzulu_abbreviations,https://docs.google.com/spreadsheets/d/e/2PACX-1vQEUdOx_hCvNSkygQpbcwzWVBxQnXrsBoDD8raIOipSGhWqzfE4WfI0e33keKa9c02AShV1KTW3A8wq/pubhtml/sheet?headers=false&gid=1882334994,Kustwacht/KNRM/Reddingsbrigade:2:1:100,
EMN,Reddingsbrigade Emmen,Kustwacht/KNRM/Reddingsbrigade,,tomzulu_abbreviations,https://docs.google.com/spreadsheets/d/e/2PACX-1vQEUdOx_hCvNSkygQpbcwzWVBxQnXrsBoDD8raIOipSGhWqzfE4WfI0e33keKa9c02AShV1KTW3A8wq/pubhtml/sheet?headers=false&gid=1882334994,Kustwacht/KNRM/Reddingsbrigade:2:1:101,
ENK,Reddingsbrigade Enkhuizen,Kustwacht/KNRM/Reddingsbrigade,,tomzulu_abbreviations,https://docs.google.com/spreadsheets/d/e/2PACX-1vQEUdOx_hCvNSkygQpbcwzWVBxQnXrsBoDD8raIOipSGhWqzfE4WfI0e33keKa9c02AShV1KTW3A8wq/pubhtml/sheet?headers=false&gid=1882334994,Kustwacht/KNRM/Reddingsbrigade:2:1:102,
ENK7471,Reddingsbrigade Enkhuizen Reddingboot Watersport,Kustwacht/KNRM/Reddingsbrigade,,tomzulu_abbreviations,https://docs.google.com/spreadsheets/d/e/2PACX-1vQEUdOx_hCvNSkygQpbcwzWVBxQnXrsBoDD8raIOipSGhWqzfE4WfI0e33keKa9c02AShV1KTW3A8wq/pubhtml/sheet?headers=false&gid=1882334994,Kustwacht/KNRM/Reddingsbrigade:2:1:103,
ETV,Emergency Towing Vessel (ETV),Kustwacht/KNRM/Reddingsbrigade,,tomzulu_abbreviations,https://docs.google.com/spreadsheets/d/e/2PACX-1vQEUdOx_hCvNSkygQpbcwzWVBxQnXrsBoDD8raIOipSGhWqzfE4WfI0e33keKa9c02AShV1KTW3A8wq/pubhtml/sheet?headers=false&gid=1882334994,Kustwacht/KNRM/Reddingsbrigade:2:1:104,
GDA,Reddingsbrigade Gouda,Kustwacht/KNRM/Reddingsbrigade,,tomzulu_abbreviations,https://docs.google.com/spreadsheets/d/e/2PACX-1vQEUdOx_hCvNSkygQpbcwzWVBxQnXrsBoDD8raIOipSGhWqzfE4WfI0e33keKa9c02AShV1KTW3A8wq/pubhtml/sheet?headers=false&gid=1882334994,Kustwacht/KNRM/Reddingsbrigade:2:1:110,
GOE,Reddingsbrigade Goes,Kustwacht/KNRM/Reddingsbrigade,,tomzulu_abbreviations,https://docs.google.com/spreadsheets/d/e/2PACX-1vQEUdOx_hCvNSkygQpbcwzWVBxQnXrsBoDD8raIOipSGhWqzfE4WfI0e33keKa9c02AShV1KTW3A8wq/pubhtml/sheet?headers=false&gid=1882334994,Kustwacht/KNRM/Reddingsbrigade:2:1:111,
GRN,Reddingsbrigade Groningen,Kustwacht/KNRM/Reddingsbrigade,,tomzulu_abbreviations,https://docs.google.com/spreadsheets/d/e/2PACX-1vQEUdOx_hCvNSkygQpbcwzWVBxQnXrsBoDD8raIOipSGhWqzfE4WfI0e33keKa9c02AShV1KTW3A8wq/pubhtml/sheet?headers=false&gid=1882334994,Kustwacht/KNRM/Reddingsbrigade:2:1:112,
GUARD,Guardian Kustwacht Multraship,Kustwacht/KNRM/Reddingsbrigade,,tomzulu_abbreviations,https://docs.google.com/spreadsheets/d/e/2PACX-1vQEUdOx_hCvNSkygQpbcwzWVBxQnXrsBoDD8raIOipSGhWqzfE4WfI0e33keKa9c02AShV1KTW3A8wq/pubhtml/sheet?headers=false&gid=1882334994,Kustwacht/KNRM/Reddingsbrigade:2:1:113,
GZR,Reddingsbrigade Gilze-=Rijen,Kustwacht/KNRM/Reddingsbrigade,,tomzulu_abbreviations,https://docs.google.com/spreadsheets/d/e/2PACX-1vQEUdOx_hCvNSkygQpbcwzWVBxQnXrsBoDD8raIOipSGhWqzfE4WfI0e33keKa9c02AShV1KTW3A8wq/pubhtml/sheet?headers=false&gid=1882334994,Kustwacht/KNRM/Reddingsbrigade:2:1:114,
HAN,KNRM station Hansweert (Westerscherlde / Kanaal door Zuid-Beveland),Kustwacht/KNRM/Reddingsbrigade,,tomzulu_abbreviations,https://docs.google.com/spreadsheets/d/e/2PACX-1vQEUdOx_hCvNSkygQpbcwzWVBxQnXrsBoDD8raIOipSGhWqzfE4WfI0e33keKa9c02AShV1KTW3A8wq/pubhtml/sheet?headers=false&gid=1882334994,Kustwacht/KNRM/Reddingsbrigade:2:1:116,
HAN,KNRM station Hansweert Reddingboot Jan van Engelenburg,Kustwacht/KNRM/Reddingsbrigade,,tomzulu_abbreviations,https://docs.google.com/spreadsheets/d/e/2PACX-1vQEUdOx_hCvNSkygQpbcwzWVBxQnXrsBoDD8raIOipSGhWqzfE4WfI0e33keKa9c02AShV1KTW3A8wq/pubhtml/sheet?headers=false&gid=1882334994,Kustwacht/KNRM/Reddingsbrigade:2:1:117,
HAR,KNRM station Harlingen (Waddenzee),Kustwacht/KNRM/Reddingsbrigade,,tomzulu_abbreviations,https://docs.google.com/spreadsheets/d/e/2PACX-1vQEUdOx_hCvNSkygQpbcwzWVBxQnXrsBoDD8raIOipSGhWqzfE4WfI0e33keKa9c02AShV1KTW3A8wq/pubhtml/sheet?headers=false&gid=1882334994,Kustwacht/KNRM/Reddingsbrigade:2:1:118,
HAR1,KNRM station Harlingen Reddingboot Wiecher en Jap Visser-Politiek,Kustwacht/KNRM/Reddingsbrigade,,tomzulu_abbreviations,https://docs.google.com/spreadsheets/d/e/2PACX-1vQEUdOx_hCvNSkygQpbcwzWVBxQnXrsBoDD8raIOipSGhWqzfE4WfI0e33keKa9c02AShV1KTW3A8wq/pubhtml/sheet?headers=false&gid=1882334994,Kustwacht/KNRM/Reddingsbrigade:2:1:119,
HAR2,KNRM station Harlingen Reddingboot Veronica,Kustwacht/KNRM/Reddingsbrigade,,tomzulu_abbreviations,https://docs.google.com/spreadsheets/d/e/2PACX-1vQEUdOx_hCvNSkygQpbcwzWVBxQnXrsBoDD8raIOipSGhWqzfE4WfI0e33keKa9c02AShV1KTW3A8wq/pubhtml/sheet?headers=false&gid=1882334994,Kustwacht/KNRM/Reddingsbrigade:2:1:120,
Hayo,Reddingboot Hoorn-Haven,Kustwacht/KNRM/Reddingsbrigade,,tomzulu_abbreviations,https://docs.google.com/spreadsheets/d/e/2PACX-1vQEUdOx_hCvNSkygQpbcwzWVBxQnXrsBoDD8raIOipSGhWqzfE4WfI0e33keKa9c02AShV1KTW3A8wq/pubhtml/sheet?headers=false&gid=1882334994,Kustwacht/KNRM/Reddingsbrigade:2:1:121,
HDW,Reddingsbrigade Harderwijk,Kustwacht/KNRM/Reddingsbrigade,,tomzulu_abbreviations,https://docs.google.com/spreadsheets/d/e/2PACX-1vQEUdOx_hCvNSkygQpbcwzWVBxQnXrsBoDD8raIOipSGhWqzfE4WfI0e33keKa9c02AShV1KTW3A8wq/pubhtml/sheet?headers=false&gid=1882334994,Kustwacht/KNRM/Reddingsbrigade:2:1:122,
Hellegat,BST-Dintelsas (Haringvliet / Hollands Diep / Volkenrak / Krammer),Kustwacht/KNRM/Reddingsbrigade,,tomzulu_abbreviations,https://docs.google.com/spreadsheets/d/e/2PACX-1vQEUdOx_hCvNSkygQpbcwzWVBxQnXrsBoDD8raIOipSGhWqzfE4WfI0e33keKa9c02AShV1KTW3A8wq/pubhtml/sheet?headers=false&gid=1882334994,Kustwacht/KNRM/Reddingsbrigade:2:1:123,
HGD,Reddingsbrigade Hardinxveld Giessendam,Kustwacht/KNRM/Reddingsbrigade,,tomzulu_abbreviations,https://docs.google.com/spreadsheets/d/e/2PACX-1vQEUdOx_hCvNSkygQpbcwzWVBxQnXrsBoDD8raIOipSGhWqzfE4WfI0e33keKa9c02AShV1KTW3A8wq/pubhtml/sheet?headers=false&gid=1882334994,Kustwacht/KNRM/Reddingsbrigade:2:1:124,
HHW,Reddingsbrigade Heerhugowaard,Kustwacht/KNRM/Reddingsbrigade,,tomzulu_abbreviations,https://docs.google.com/spreadsheets/d/e/2PACX-1vQEUdOx_hCvNSkygQpbcwzWVBxQnXrsBoDD8raIOipSGhWqzfE4WfI0e33keKa9c02AShV1KTW3A8wq/pubhtml/sheet?headers=false&gid=1882334994,Kustwacht/KNRM/Reddingsbrigade:2:1:125,
HIN,KNRM station Hindeloopen (IJsselmeer),Kustwacht/KNRM/Reddingsbrigade,,tomzulu_abbreviations,https://docs.google.com/spreadsheets/d/e/2PACX-1vQEUdOx_hCvNSkygQpbcwzWVBxQnXrsBoDD8raIOipSGhWqzfE4WfI0e33keKa9c02AShV1KTW3A8wq/pubhtml/sheet?headers=false&gid=1882334994,Kustwacht/KNRM/Reddingsbrigade:2:1:126,
HIN1,KNRM station Hindeloopen Reddingboot Alida,Kustwacht/KNRM/Reddingsbrigade,,tomzulu_abbreviations,https://docs.google.com/spreadsheets/d/e/2PACX-1vQEUdOx_hCvNSkygQpbcwzWVBxQnXrsBoDD8raIOipSGhWqzfE4WfI0e33keKa9c02AShV1KTW3A8wq/pubhtml/sheet?headers=false&gid=1882334994,Kustwacht/KNRM/Reddingsbrigade:2:1:127,
HIN2,KNRM station Hindeloopen Reddingboot Narwal,Kustwacht/KNRM/Reddingsbrigade,,tomzulu_abbreviations,https://docs.google.com/spreadsheets/d/e/2PACX-1vQEUdOx_hCvNSkygQpbcwzWVBxQnXrsBoDD8raIOipSGhWqzfE4WfI0e33keKa9c02AShV1KTW3A8wq/pubhtml/sheet?headers=false&gid=1882334994,Kustwacht/KNRM/Reddingsbrigade:2:1:128,
HLM,Reddingsbrigade Haarlem,Kustwacht/KNRM/Reddingsbrigade,,tomzulu_abbreviations,https://docs.google.com/spreadsheets/d/e/2PACX-1vQEUdOx_hCvNSkygQpbcwzWVBxQnXrsBoDD8raIOipSGhWqzfE4WfI0e33keKa9c02AShV1KTW3A8wq/pubhtml/sheet?headers=false&gid=1882334994,Kustwacht/KNRM/Reddingsbrigade:2:1:129,
HMR,Reddingsbrigade Helmond (reddingsklos),Kustwacht/KNRM/Reddingsbrigade,,tomzulu_abbreviations,https://docs.google.com/spreadsheets/d/e/2PACX-1vQEUdOx_hCvNSkygQpbcwzWVBxQnXrsBoDD8raIOipSGhWqzfE4WfI0e33keKa9c02AShV1KTW3A8wq/pubhtml/sheet?headers=false&gid=1882334994,Kustwacht/KNRM/Reddingsbrigade:2:1:130,
HMS,Reddingsbrigade Heemstede,Kustwacht/KNRM/Reddingsbrigade,,tomzulu_abbreviations,https://docs.google.com/spreadsheets/d/e/2PACX-1vQEUdOx_hCvNSkygQpbcwzWVBxQnXrsBoDD8raIOipSGhWqzfE4WfI0e33keKa9c02AShV1KTW3A8wq/pubhtml/sheet?headers=false&gid=1882334994,Kustwacht/KNRM/Reddingsbrigade:2:1:131,
HMW,Reddingsbrigade Helmond (Watervrienden),Kustwacht/KNRM/Reddingsbrigade,,tomzulu_abbreviations,https://docs.google.com/spreadsheets/d/e/2PACX-1vQEUdOx_hCvNSkygQpbcwzWVBxQnXrsBoDD8raIOipSGhWqzfE4WfI0e33keKa9c02AShV1KTW3A8wq/pubhtml/sheet?headers=false&gid=1882334994,Kustwacht/KNRM/Reddingsbrigade:2:1:132,
HRN,Reddingsbrigade Hoorn,Kustwacht/KNRM/Reddingsbrigade,,tomzulu_abbreviations,https://docs.google.com/spreadsheets/d/e/2PACX-1vQEUdOx_hCvNSkygQpbcwzWVBxQnXrsBoDD8raIOipSGhWqzfE4WfI0e33keKa9c02AShV1KTW3A8wq/pubhtml/sheet?headers=false&gid=1882334994,Kustwacht/KNRM/Reddingsbrigade:2:1:133,
HRN,Reddingsbrigade Hoorn Reddingboot Rolf,Kustwacht/KNRM/Reddingsbrigade,,tomzulu_abbreviations,https://docs.google.com/spreadsheets/d/e/2PACX-1vQEUdOx_hCvNSkygQpbcwzWVBxQnXrsBoDD8raIOipSGhWqzfE4WfI0e33keKa9c02AShV1KTW3A8wq/pubhtml/sheet?headers=false&gid=1882334994,Kustwacht/KNRM/Reddingsbrigade:2:1:134,
HRN,Reddingsbrigade Hoorn Reddingboot Tinn Silver,Kustwacht/KNRM/Reddingsbrigade,,tomzulu_abbreviations,https://docs.google.com/spreadsheets/d/e/2PACX-1vQEUdOx_hCvNSkygQpbcwzWVBxQnXrsBoDD8raIOipSGhWqzfE4WfI0e33keKa9c02AShV1KTW3A8wq/pubhtml/sheet?headers=false&gid=1882334994,Kustwacht/KNRM/Reddingsbrigade:2:1:135,
HRN5161,Brandweerboot Hessel Snoek van Brandweer Hoorn,Kustwacht/KNRM/Reddingsbrigade,,tomzulu_abbreviations,https://docs.google.com/spreadsheets/d/e/2PACX-1vQEUdOx_hCvNSkygQpbcwzWVBxQnXrsBoDD8raIOipSGhWqzfE4WfI0e33keKa9c02AShV1KTW3A8wq/pubhtml/sheet?headers=false&gid=1882334994,Kustwacht/KNRM/Reddingsbrigade:2:1:136,
HRN5162,Reddingboot Hayo van Brandweer Hoorn/Reddingsbrigade Notwin Hoorn,Kustwacht/KNRM/Reddingsbrigade,,tomzulu_abbreviations,https://docs.google.com/spreadsheets/d/e/2PACX-1vQEUdOx_hCvNSkygQpbcwzWVBxQnXrsBoDD8raIOipSGhWqzfE4WfI0e33keKa9c02AShV1KTW3A8wq/pubhtml/sheet?headers=false&gid=1882334994,Kustwacht/KNRM/Reddingsbrigade:2:1:137,
HSK,Reddingsbrigade Heemskerk,Kustwacht/KNRM/Reddingsbrigade,,tomzulu_abbreviations,https://docs.google.com/spreadsheets/d/e/2PACX-1vQEUdOx_hCvNSkygQpbcwzWVBxQnXrsBoDD8raIOipSGhWqzfE4WfI0e33keKa9c02AShV1KTW3A8wq/pubhtml/sheet?headers=false&gid=1882334994,Kustwacht/KNRM/Reddingsbrigade:2:1:138,
HTN,Reddingsbrigade Houten,Kustwacht/KNRM/Reddingsbrigade,,tomzulu_abbreviations,https://docs.google.com/spreadsheets/d/e/2PACX-1vQEUdOx_hCvNSkygQpbcwzWVBxQnXrsBoDD8raIOipSGhWqzfE4WfI0e33keKa9c02AShV1KTW3A8wq/pubhtml/sheet?headers=false&gid=1882334994,Kustwacht/KNRM/Reddingsbrigade:2:1:139,
HUI,KNRM Station Huizen (IJmeer / Gooimeer / Eemmeer / Woderwijd),Kustwacht/KNRM/Reddingsbrigade,,tomzulu_abbreviations,https://docs.google.com/spreadsheets/d/e/2PACX-1vQEUdOx_hCvNSkygQpbcwzWVBxQnXrsBoDD8raIOipSGhWqzfE4WfI0e33keKa9c02AShV1KTW3A8wq/pubhtml/sheet?headers=false&gid=1882334994,Kustwacht/KNRM/Reddingsbrigade:2:1:140,
HUIoost,Reddingboot Nikolaas Wijsbeek / Huizer,Kustwacht/KNRM/Reddingsbrigade,,tomzulu_abbreviations,https://docs.google.com/spreadsheets/d/e/2PACX-1vQEUdOx_hCvNSkygQpbcwzWVBxQnXrsBoDD8raIOipSGhWqzfE4WfI0e33keKa9c02AShV1KTW3A8wq/pubhtml/sheet?headers=false&gid=1882334994,Kustwacht/KNRM/Reddingsbrigade:2:1:141,
HUIwest,Reddingboot Nikolaas Wijsbeek / Huizer,Kustwacht/KNRM/Reddingsbrigade,,tomzulu_abbreviations,https://docs.google.com/spreadsheets/d/e/2PACX-1vQEUdOx_hCvNSkygQpbcwzWVBxQnXrsBoDD8raIOipSGhWqzfE4WfI0e33keKa9c02AShV1KTW3A8wq/pubhtml/sheet?headers=false&gid=1882334994,Kustwacht/KNRM/Reddingsbrigade:2:1:142,
HURRIC,Hurricane Bergingsvaartuig Rederij Noordgat Terschelling,Kustwacht/KNRM/Reddingsbrigade,,tomzulu_abbreviations,https://docs.google.com/spreadsheets/d/e/2PACX-1vQEUdOx_hCvNSkygQpbcwzWVBxQnXrsBoDD8raIOipSGhWqzfE4WfI0e33keKa9c02AShV1KTW3A8wq/pubhtml/sheet?headers=false&gid=1882334994,Kustwacht/KNRM/Reddingsbrigade:2:1:143,
HVH,KNRM Station Hoek van Holland (Noordzeekust & Noordzee),Kustwacht/KNRM/Reddingsbrigade,,tomzulu_abbreviations,https://docs.google.com/spreadsheets/d/e/2PACX-1vQEUdOx_hCvNSkygQpbcwzWVBxQnXrsBoDD8raIOipSGhWqzfE4WfI0e33keKa9c02AShV1KTW3A8wq/pubhtml/sheet?headers=false&gid=1882334994,Kustwacht/KNRM/Reddingsbrigade:2:1:144,
HVH,Reddingboot Jeanine Parqui,Kustwacht/KNRM/Reddingsbrigade,,tomzulu_abbreviations,https://docs.google.com/spreadsheets/d/e/2PACX-1vQEUdOx_hCvNSkygQpbcwzWVBxQnXrsBoDD8raIOipSGhWqzfE4WfI0e33keKa9c02AShV1KTW3A8wq/pubhtml/sheet?headers=false&gid=1882334994,Kustwacht/KNRM/Reddingsbrigade:2:1:145,
HVHrb,Reddingsbrigade Hoek van Holland,Kustwacht/KNRM/Reddingsbrigade,,tomzulu_abbreviations,https://docs.google.com/spreadsheets/d/e/2PACX-1vQEUdOx_hCvNSkygQpbcwzWVBxQnXrsBoDD8raIOipSGhWqzfE4WfI0e33keKa9c02AShV1KTW3A8wq/pubhtml/sheet?headers=false&gid=1882334994,Kustwacht/KNRM/Reddingsbrigade:2:1:146,
HVSrba,Reddingsbrigade Hellevoetsluis Alarmploeg,Kustwacht/KNRM/Reddingsbrigade,,tomzulu_abbreviations,https://docs.google.com/spreadsheets/d/e/2PACX-1vQEUdOx_hCvNSkygQpbcwzWVBxQnXrsBoDD8raIOipSGhWqzfE4WfI0e33keKa9c02AShV1KTW3A8wq/pubhtml/sheet?headers=false&gid=1882334994,Kustwacht/KNRM/Reddingsbrigade:2:1:147,
HVSrbs,Reddingsbrigade Hellevoetsluis Strandploeg,Kustwacht/KNRM/Reddingsbrigade,,tomzulu_abbreviations,https://docs.google.com/spreadsheets/d/e/2PACX-1vQEUdOx_hCvNSkygQpbcwzWVBxQnXrsBoDD8raIOipSGhWqzfE4WfI0e33keKa9c02AShV1KTW3A8wq/pubhtml/sheet?headers=false&gid=1882334994,Kustwacht/KNRM/Reddingsbrigade:2:1:148,
HZN,Reddingsbrigade Huizen,Kustwacht/KNRM/Reddingsbrigade,,tomzulu_abbreviations,https://docs.google.com/spreadsheets/d/e/2PACX-1vQEUdOx_hCvNSkygQpbcwzWVBxQnXrsBoDD8raIOipSGhWqzfE4WfI0e33keKa9c02AShV1KTW3A8wq/pubhtml/sheet?headers=false&gid=1882334994,Kustwacht/KNRM/Reddingsbrigade:2:1:149,
IJM,IJmuiden Reddingboot Koos van Messel,Kustwacht/KNRM/Reddingsbrigade,,tomzulu_abbreviations,https://docs.google.com/spreadsheets/d/e/2PACX-1vQEUdOx_hCvNSkygQpbcwzWVBxQnXrsBoDD8raIOipSGhWqzfE4WfI0e33keKa9c02AShV1KTW3A8wq/pubhtml/sheet?headers=false&gid=1882334994,Kustwacht/KNRM/Reddingsbrigade:2:1:151,
IJM,KNRM Station IJmuiden (Noordzeekust & Noordzee),Kustwacht/KNRM/Reddingsbrigade,,tomzulu_abbreviations,https://docs.google.com/spreadsheets/d/e/2PACX-1vQEUdOx_hCvNSkygQpbcwzWVBxQnXrsBoDD8raIOipSGhWqzfE4WfI0e33keKa9c02AShV1KTW3A8wq/pubhtml/sheet?headers=false&gid=1882334994,Kustwacht/KNRM/Reddingsbrigade:2:1:152,
KAY,Reddingsbrigade Krimpen aan de IJssel,Kustwacht/KNRM/Reddingsbrigade,,tomzulu_abbreviations,https://docs.google.com/spreadsheets/d/e/2PACX-1vQEUdOx_hCvNSkygQpbcwzWVBxQnXrsBoDD8raIOipSGhWqzfE4WfI0e33keKa9c02AShV1KTW3A8wq/pubhtml/sheet?headers=false&gid=1882334994,Kustwacht/KNRM/Reddingsbrigade:2:1:157,
KAZ,Katwijk aan Zee Reddingboot De Redder,Kustwacht/KNRM/Reddingsbrigade,,tomzulu_abbreviations,https://docs.google.com/spreadsheets/d/e/2PACX-1vQEUdOx_hCvNSkygQpbcwzWVBxQnXrsBoDD8raIOipSGhWqzfE4WfI0e33keKa9c02AShV1KTW3A8wq/pubhtml/sheet?headers=false&gid=1882334994,Kustwacht/KNRM/Reddingsbrigade:2:1:158,
KAZ,KNRM Station Katwijk aan Zee (Noordzeekust),Kustwacht/KNRM/Reddingsbrigade,,tomzulu_abbreviations,https://docs.google.com/spreadsheets/d/e/2PACX-1vQEUdOx_hCvNSkygQpbcwzWVBxQnXrsBoDD8raIOipSGhWqzfE4WfI0e33keKa9c02AShV1KTW3A8wq/pubhtml/sheet?headers=false&gid=1882334994,Kustwacht/KNRM/Reddingsbrigade:2:1:159,
KAZkhv,Katwijk aan Zee Kusthulpverleningvoertuig,Kustwacht/KNRM/Reddingsbrigade,,tomzulu_abbreviations,https://docs.google.com/spreadsheets/d/e/2PACX-1vQEUdOx_hCvNSkygQpbcwzWVBxQnXrsBoDD8raIOipSGhWqzfE4WfI0e33keKa9c02AShV1KTW3A8wq/pubhtml/sheet?headers=false&gid=1882334994,Kustwacht/KNRM/Reddingsbrigade:2:1:160,
KAZrba,Katwijk aan Zee Reddingsbrigade Alarmploeg,Kustwacht/KNRM/Reddingsbrigade,,tomzulu_abbreviations,https://docs.google.com/spreadsheets/d/e/2PACX-1vQEUdOx_hCvNSkygQpbcwzWVBxQnXrsBoDD8raIOipSGhWqzfE4WfI0e33keKa9c02AShV1KTW3A8wq/pubhtml/sheet?headers=false&gid=1882334994,Kustwacht/KNRM/Reddingsbrigade:2:1:161,
KAZrbs,Katwijk aan Zee Reddingsbrigade Strandploeg,Kustwacht/KNRM/Reddingsbrigade,,tomzulu_abbreviations,https://docs.google.com/spreadsheets/d/e/2PACX-1vQEUdOx_hCvNSkygQpbcwzWVBxQnXrsBoDD8raIOipSGhWqzfE4WfI0e33keKa9c02AShV1KTW3A8wq/pubhtml/sheet?headers=false&gid=1882334994,Kustwacht/KNRM/Reddingsbrigade:2:1:162,
KINSB,Marinevaartuig van Kingsbergen,Kustwacht/KNRM/Reddingsbrigade,,tomzulu_abbreviations,https://docs.google.com/spreadsheets/d/e/2PACX-1vQEUdOx_hCvNSkygQpbcwzWVBxQnXrsBoDD8raIOipSGhWqzfE4WfI0e33keKa9c02AShV1KTW3A8wq/pubhtml/sheet?headers=false&gid=1882334994,Kustwacht/KNRM/Reddingsbrigade:2:1:163,
KLZ,Reddingsbrigade Kloosterzande,Kustwacht/KNRM/Reddingsbrigade,,tomzulu_abbreviations,https://docs.google.com/spreadsheets/d/e/2PACX-1vQEUdOx_hCvNSkygQpbcwzWVBxQnXrsBoDD8raIOipSGhWqzfE4WfI0e33keKa9c02AShV1KTW3A8wq/pubhtml/sheet?headers=false&gid=1882334994,Kustwacht/KNRM/Reddingsbrigade:2:1:164,
KNRM7521,Dordrecht Reddingboot DRB 49 / Martijn Koenraad Hof (reservevloot),Kustwacht/KNRM/Reddingsbrigade,,tomzulu_abbreviations,https://docs.google.com/spreadsheets/d/e/2PACX-1vQEUdOx_hCvNSkygQpbcwzWVBxQnXrsBoDD8raIOipSGhWqzfE4WfI0e33keKa9c02AShV1KTW3A8wq/pubhtml/sheet?headers=false&gid=1882334994,Kustwacht/KNRM/Reddingsbrigade:2:1:165,
KNRM7522,Dordrecht Reddingboot KBW 1910 Tjepke Ekkelboom,Kustwacht/KNRM/Reddingsbrigade,,tomzulu_abbreviations,https://docs.google.com/spreadsheets/d/e/2PACX-1vQEUdOx_hCvNSkygQpbcwzWVBxQnXrsBoDD8raIOipSGhWqzfE4WfI0e33keKa9c02AShV1KTW3A8wq/pubhtml/sheet?headers=false&gid=1882334994,Kustwacht/KNRM/Reddingsbrigade:2:1:166,
KW_COM,Multraship Commander ETV,Kustwacht/KNRM/Reddingsbrigade,,tomzulu_abbreviations,https://docs.google.com/spreadsheets/d/e/2PACX-1vQEUdOx_hCvNSkygQpbcwzWVBxQnXrsBoDD8raIOipSGhWqzfE4WfI0e33keKa9c02AShV1KTW3A8wq/pubhtml/sheet?headers=false&gid=1882334994,Kustwacht/KNRM/Reddingsbrigade:2:1:167,
KW_GUA,Multraship Guardian ETV,Kustwacht/KNRM/Reddingsbrigade,,tomzulu_abbreviations,https://docs.google.com/spreadsheets/d/e/2PACX-1vQEUdOx_hCvNSkygQpbcwzWVBxQnXrsBoDD8raIOipSGhWqzfE4WfI0e33keKa9c02AShV1KTW3A8wq/pubhtml/sheet?headers=false&gid=1882334994,Kustwacht/KNRM/Reddingsbrigade:2:1:168,
KWT,Reddingsbrigade Katwijk,Kustwacht/KNRM/Reddingsbrigade,,tomzulu_abbreviations,https://docs.google.com/spreadsheets/d/e/2PACX-1vQEUdOx_hCvNSkygQpbcwzWVBxQnXrsBoDD8raIOipSGhWqzfE4WfI0e33keKa9c02AShV1KTW3A8wq/pubhtml/sheet?headers=false&gid=1882334994,Kustwacht/KNRM/Reddingsbrigade:2:1:169,
LAU,KNRM Station Lauwersoog (Waddenzee & Lauwersmeer),Kustwacht/KNRM/Reddingsbrigade,,tomzulu_abbreviations,https://docs.google.com/spreadsheets/d/e/2PACX-1vQEUdOx_hCvNSkygQpbcwzWVBxQnXrsBoDD8raIOipSGhWqzfE4WfI0e33keKa9c02AShV1KTW3A8wq/pubhtml/sheet?headers=false&gid=1882334994,Kustwacht/KNRM/Reddingsbrigade:2:1:172,
LAUbi,Lauwersoog Reddingboot Palace Noordwijk,Kustwacht/KNRM/Reddingsbrigade,,tomzulu_abbreviations,https://docs.google.com/spreadsheets/d/e/2PACX-1vQEUdOx_hCvNSkygQpbcwzWVBxQnXrsBoDD8raIOipSGhWqzfE4WfI0e33keKa9c02AShV1KTW3A8wq/pubhtml/sheet?headers=false&gid=1882334994,Kustwacht/KNRM/Reddingsbrigade:2:1:173,
LAUbu,Lauwersoog Reddingboot Annie Jacoba Visser,Kustwacht/KNRM/Reddingsbrigade,,tomzulu_abbreviations,https://docs.google.com/spreadsheets/d/e/2PACX-1vQEUdOx_hCvNSkygQpbcwzWVBxQnXrsBoDD8raIOipSGhWqzfE4WfI0e33keKa9c02AShV1KTW3A8wq/pubhtml/sheet?headers=false&gid=1882334994,Kustwacht/KNRM/Reddingsbrigade:2:1:174,
LDN,Reddingsbrigade Leiden,Kustwacht/KNRM/Reddingsbrigade,,tomzulu_abbreviations,https://docs.google.com/spreadsheets/d/e/2PACX-1vQEUdOx_hCvNSkygQpbcwzWVBxQnXrsBoDD8raIOipSGhWqzfE4WfI0e33keKa9c02AShV1KTW3A8wq/pubhtml/sheet?headers=false&gid=1882334994,Kustwacht/KNRM/Reddingsbrigade:2:1:175,
LEM,KNRM Station Lemmer (IJsselmeer),Kustwacht/KNRM/Reddingsbrigade,,tomzulu_abbreviations,https://docs.google.com/spreadsheets/d/e/2PACX-1vQEUdOx_hCvNSkygQpbcwzWVBxQnXrsBoDD8raIOipSGhWqzfE4WfI0e33keKa9c02AShV1KTW3A8wq/pubhtml/sheet?headers=false&gid=1882334994,Kustwacht/KNRM/Reddingsbrigade:2:1:176,
LEM1,Lemmer Reddingboot Anne Dorothea,Kustwacht/KNRM/Reddingsbrigade,,tomzulu_abbreviations,https://docs.google.com/spreadsheets/d/e/2PACX-1vQEUdOx_hCvNSkygQpbcwzWVBxQnXrsBoDD8raIOipSGhWqzfE4WfI0e33keKa9c02AShV1KTW3A8wq/pubhtml/sheet?headers=false&gid=1882334994,Kustwacht/KNRM/Reddingsbrigade:2:1:177,
LEM2,Lemmer Reddingboot John Stegers,Kustwacht/KNRM/Reddingsbrigade,,tomzulu_abbreviations,https://docs.google.com/spreadsheets/d/e/2PACX-1vQEUdOx_hCvNSkygQpbcwzWVBxQnXrsBoDD8raIOipSGhWqzfE4WfI0e33keKa9c02AShV1KTW3A8wq/pubhtml/sheet?headers=false&gid=1882334994,Kustwacht/KNRM/Reddingsbrigade:2:1:178,
LLS,KNRM Reddingstation Lelystad Reddingboot Trudy Bakhuis,Kustwacht/KNRM/Reddingsbrigade,,tomzulu_abbreviations,https://docs.google.com/spreadsheets/d/e/2PACX-1vQEUdOx_hCvNSkygQpbcwzWVBxQnXrsBoDD8raIOipSGhWqzfE4WfI0e33keKa9c02AShV1KTW3A8wq/pubhtml/sheet?headers=false&gid=1882334994,Kustwacht/KNRM/Reddingsbrigade:2:1:179,
LMR,Reddingsbrigade Lemmer,Kustwacht/KNRM/Reddingsbrigade,,tomzulu_abbreviations,https://docs.google.com/spreadsheets/d/e/2PACX-1vQEUdOx_hCvNSkygQpbcwzWVBxQnXrsBoDD8raIOipSGhWqzfE4WfI0e33keKa9c02AShV1KTW3A8wq/pubhtml/sheet?headers=false&gid=1882334994,Kustwacht/KNRM/Reddingsbrigade:2:1:180,
LST,Reddingsbrigade Loosdrecht,Kustwacht/KNRM/Reddingsbrigade,,tomzulu_abbreviations,https://docs.google.com/spreadsheets/d/e/2PACX-1vQEUdOx_hCvNSkygQpbcwzWVBxQnXrsBoDD8raIOipSGhWqzfE4WfI0e33keKa9c02AShV1KTW3A8wq/pubhtml/sheet?headers=false&gid=1882334994,Kustwacht/KNRM/Reddingsbrigade:2:1:181,
LVO,Reddingsbrigade Leidschendam / Voorburg,Kustwacht/KNRM/Reddingsbrigade,,tomzulu_abbreviations,https://docs.google.com/spreadsheets/d/e/2PACX-1vQEUdOx_hCvNSkygQpbcwzWVBxQnXrsBoDD8raIOipSGhWqzfE4WfI0e33keKa9c02AShV1KTW3A8wq/pubhtml/sheet?headers=false&gid=1882334994,Kustwacht/KNRM/Reddingsbrigade:2:1:182,
MBK,Medenblik Reddingboot Bernardine,Kustwacht/KNRM/Reddingsbrigade,,tomzulu_abbreviations,https://docs.google.com/spreadsheets/d/e/2PACX-1vQEUdOx_hCvNSkygQpbcwzWVBxQnXrsBoDD8raIOipSGhWqzfE4WfI0e33keKa9c02AShV1KTW3A8wq/pubhtml/sheet?headers=false&gid=1882334994,Kustwacht/KNRM/Reddingsbrigade:2:1:188,
MBK,Reddingsbrigade Medenblik,Kustwacht/KNRM/Reddingsbrigade,,tomzulu_abbreviations,https://docs.google.com/spreadsheets/d/e/2PACX-1vQEUdOx_hCvNSkygQpbcwzWVBxQnXrsBoDD8raIOipSGhWqzfE4WfI0e33keKa9c02AShV1KTW3A8wq/pubhtml/sheet?headers=false&gid=1882334994,Kustwacht/KNRM/Reddingsbrigade:2:1:189,
MHV_MIS,Maritiem Hulpverleningsschip Mistral,Kustwacht/KNRM/Reddingsbrigade,,tomzulu_abbreviations,https://docs.google.com/spreadsheets/d/e/2PACX-1vQEUdOx_hCvNSkygQpbcwzWVBxQnXrsBoDD8raIOipSGhWqzfE4WfI0e33keKa9c02AShV1KTW3A8wq/pubhtml/sheet?headers=false&gid=1882334994,Kustwacht/KNRM/Reddingsbrigade:2:1:190,
MHV_THO,Maritiem Hulpverleningsvaartuig 'Thor' van vaarzeker.nl,Kustwacht/KNRM/Reddingsbrigade,,tomzulu_abbreviations,https://docs.google.com/spreadsheets/d/e/2PACX-1vQEUdOx_hCvNSkygQpbcwzWVBxQnXrsBoDD8raIOipSGhWqzfE4WfI0e33keKa9c02AShV1KTW3A8wq/pubhtml/sheet?headers=false&gid=1882334994,Kustwacht/KNRM/Reddingsbrigade:2:1:191,
MKN,KNRM Station Marken (Markermeer & Gouwzee),Kustwacht/KNRM/Reddingsbrigade,,tomzulu_abbreviations,https://docs.google.com/spreadsheets/d/e/2PACX-1vQEUdOx_hCvNSkygQpbcwzWVBxQnXrsBoDD8raIOipSGhWqzfE4WfI0e33keKa9c02AShV1KTW3A8wq/pubhtml/sheet?headers=false&gid=1882334994,Kustwacht/KNRM/Reddingsbrigade:2:1:192,
MKN1,Marken Reddingboot Frans Verkade,Kustwacht/KNRM/Reddingsbrigade,,tomzulu_abbreviations,https://docs.google.com/spreadsheets/d/e/2PACX-1vQEUdOx_hCvNSkygQpbcwzWVBxQnXrsBoDD8raIOipSGhWqzfE4WfI0e33keKa9c02AShV1KTW3A8wq/pubhtml/sheet?headers=false&gid=1882334994,Kustwacht/KNRM/Reddingsbrigade:2:1:193,
MKN2,Marken Reddingboot Bertien,Kustwacht/KNRM/Reddingsbrigade,,tomzulu_abbreviations,https://docs.google.com/spreadsheets/d/e/2PACX-1vQEUdOx_hCvNSkygQpbcwzWVBxQnXrsBoDD8raIOipSGhWqzfE4WfI0e33keKa9c02AShV1KTW3A8wq/pubhtml/sheet?headers=false&gid=1882334994,Kustwacht/KNRM/Reddingsbrigade:2:1:194,
MNS,Reddingsbrigade Monster,Kustwacht/KNRM/Reddingsbrigade,,tomzulu_abbreviations,https://docs.google.com/spreadsheets/d/e/2PACX-1vQEUdOx_hCvNSkygQpbcwzWVBxQnXrsBoDD8raIOipSGhWqzfE4WfI0e33keKa9c02AShV1KTW3A8wq/pubhtml/sheet?headers=false&gid=1882334994,Kustwacht/KNRM/Reddingsbrigade:2:1:195,
MOB,Man Overboard,Kustwacht/KNRM/Reddingsbrigade,,tomzulu_abbreviations,https://docs.google.com/spreadsheets/d/e/2PACX-1vQEUdOx_hCvNSkygQpbcwzWVBxQnXrsBoDD8raIOipSGhWqzfE4WfI0e33keKa9c02AShV1KTW3A8wq/pubhtml/sheet?headers=false&gid=1882334994,Kustwacht/KNRM/Reddingsbrigade:2:1:196,
MRD,Reddingsbrigade Moerdijk,Kustwacht/KNRM/Reddingsbrigade,,tomzulu_abbreviations,https://docs.google.com/spreadsheets/d/e/2PACX-1vQEUdOx_hCvNSkygQpbcwzWVBxQnXrsBoDD8raIOipSGhWqzfE4WfI0e33keKa9c02AShV1KTW3A8wq/pubhtml/sheet?headers=false&gid=1882334994,Kustwacht/KNRM/Reddingsbrigade:2:1:197,
MSP,Reddingsbrigade Maasplassen,Kustwacht/KNRM/Reddingsbrigade,,tomzulu_abbreviations,https://docs.google.com/spreadsheets/d/e/2PACX-1vQEUdOx_hCvNSkygQpbcwzWVBxQnXrsBoDD8raIOipSGhWqzfE4WfI0e33keKa9c02AShV1KTW3A8wq/pubhtml/sheet?headers=false&gid=1882334994,Kustwacht/KNRM/Reddingsbrigade:2:1:198,
MST,Reddingsbrigade Maastricht,Kustwacht/KNRM/Reddingsbrigade,,tomzulu_abbreviations,https://docs.google.com/spreadsheets/d/e/2PACX-1vQEUdOx_hCvNSkygQpbcwzWVBxQnXrsBoDD8raIOipSGhWqzfE4WfI0e33keKa9c02AShV1KTW3A8wq/pubhtml/sheet?headers=false&gid=1882334994,Kustwacht/KNRM/Reddingsbrigade:2:1:199,
NAZ,KNRM Station Noordwijk aan Zee (Noordzeekust),Kustwacht/KNRM/Reddingsbrigade,,tomzulu_abbreviations,https://docs.google.com/spreadsheets/d/e/2PACX-1vQEUdOx_hCvNSkygQpbcwzWVBxQnXrsBoDD8raIOipSGhWqzfE4WfI0e33keKa9c02AShV1KTW3A8wq/pubhtml/sheet?headers=false&gid=1882334994,Kustwacht/KNRM/Reddingsbrigade:2:1:201,
NAZ,Noordwijk aan Zee Reddingboot Paul Johannes,Kustwacht/KNRM/Reddingsbrigade,,tomzulu_abbreviations,https://docs.google.com/spreadsheets/d/e/2PACX-1vQEUdOx_hCvNSkygQpbcwzWVBxQnXrsBoDD8raIOipSGhWqzfE4WfI0e33keKa9c02AShV1KTW3A8wq/pubhtml/sheet?headers=false&gid=1882334994,Kustwacht/KNRM/Reddingsbrigade:2:1:202,
NAZkhv,Noordwijk aan Zee Kusthulpverleningsvoertuig,Kustwacht/KNRM/Reddingsbrigade,,tomzulu_abbreviations,https://docs.google.com/spreadsheets/d/e/2PACX-1vQEUdOx_hCvNSkygQpbcwzWVBxQnXrsBoDD8raIOipSGhWqzfE4WfI0e33keKa9c02AShV1KTW3A8wq/pubhtml/sheet?headers=false&gid=1882334994,Kustwacht/KNRM/Reddingsbrigade:2:1:203,
NJA,KNRM Station Neeltje Jans (Noordzee & Oosterschelde),Kustwacht/KNRM/Reddingsbrigade,,tomzulu_abbreviations,https://docs.google.com/spreadsheets/d/e/2PACX-1vQEUdOx_hCvNSkygQpbcwzWVBxQnXrsBoDD8raIOipSGhWqzfE4WfI0e33keKa9c02AShV1KTW3A8wq/pubhtml/sheet?headers=false&gid=1882334994,Kustwacht/KNRM/Reddingsbrigade:2:1:204,
NJAbi,Neeltje Jans Reddingboot Fred,Kustwacht/KNRM/Reddingsbrigade,,tomzulu_abbreviations,https://docs.google.com/spreadsheets/d/e/2PACX-1vQEUdOx_hCvNSkygQpbcwzWVBxQnXrsBoDD8raIOipSGhWqzfE4WfI0e33keKa9c02AShV1KTW3A8wq/pubhtml/sheet?headers=false&gid=1882334994,Kustwacht/KNRM/Reddingsbrigade:2:1:205,
NJAbu,Neeltje Jans Reddingboot Koopmansdank,Kustwacht/KNRM/Reddingsbrigade,,tomzulu_abbreviations,https://docs.google.com/spreadsheets/d/e/2PACX-1vQEUdOx_hCvNSkygQpbcwzWVBxQnXrsBoDD8raIOipSGhWqzfE4WfI0e33keKa9c02AShV1KTW3A8wq/pubhtml/sheet?headers=false&gid=1882334994,Kustwacht/KNRM/Reddingsbrigade:2:1:206,
NMG,Reddingsbrigade Nijmegen,Kustwacht/KNRM/Reddingsbrigade,,tomzulu_abbreviations,https://docs.google.com/spreadsheets/d/e/2PACX-1vQEUdOx_hCvNSkygQpbcwzWVBxQnXrsBoDD8raIOipSGhWqzfE4WfI0e33keKa9c02AShV1KTW3A8wq/pubhtml/sheet?headers=false&gid=1882334994,Kustwacht/KNRM/Reddingsbrigade:2:1:207,
NOLIMI,Nolimit = Reddingboot van berger uit Laaksum,Kustwacht/KNRM/Reddingsbrigade,,tomzulu_abbreviations,https://docs.google.com/spreadsheets/d/e/2PACX-1vQEUdOx_hCvNSkygQpbcwzWVBxQnXrsBoDD8raIOipSGhWqzfE4WfI0e33keKa9c02AShV1KTW3A8wq/pubhtml/sheet?headers=false&gid=1882334994,Kustwacht/KNRM/Reddingsbrigade:2:1:208,
NRDrbs,Reddingsbrigade Naarden Standploeg,Kustwacht/KNRM/Reddingsbrigade,,tomzulu_abbreviations,https://docs.google.com/spreadsheets/d/e/2PACX-1vQEUdOx_hCvNSkygQpbcwzWVBxQnXrsBoDD8raIOipSGhWqzfE4WfI0e33keKa9c02AShV1KTW3A8wq/pubhtml/sheet?headers=false&gid=1882334994,Kustwacht/KNRM/Reddingsbrigade:2:1:210,
NRDrbspen,Reddingsbrigade Naarden Standploeg penningmeester,Kustwacht/KNRM/Reddingsbrigade,,tomzulu_abbreviations,https://docs.google.com/spreadsheets/d/e/2PACX-1vQEUdOx_hCvNSkygQpbcwzWVBxQnXrsBoDD8raIOipSGhWqzfE4WfI0e33keKa9c02AShV1KTW3A8wq/pubhtml/sheet?headers=false&gid=1882334994,Kustwacht/KNRM/Reddingsbrigade:2:1:209,
NWDIEP,Nieuw Diep Betonningsvaartuig Rijkswaterstaat Den Helder,Kustwacht/KNRM/Reddingsbrigade,,tomzulu_abbreviations,https://docs.google.com/spreadsheets/d/e/2PACX-1vQEUdOx_hCvNSkygQpbcwzWVBxQnXrsBoDD8raIOipSGhWqzfE4WfI0e33keKa9c02AShV1KTW3A8wq/pubhtml/sheet?headers=false&gid=1882334994,Kustwacht/KNRM/Reddingsbrigade:2:1:211,
NWK,Reddingsbrigade Noordwijk,Kustwacht/KNRM/Reddingsbrigade,,tomzulu_abbreviations,https://docs.google.com/spreadsheets/d/e/2PACX-1vQEUdOx_hCvNSkygQpbcwzWVBxQnXrsBoDD8raIOipSGhWqzfE4WfI0e33keKa9c02AShV1KTW3A8wq/pubhtml/sheet?headers=false&gid=1882334994,Kustwacht/KNRM/Reddingsbrigade:2:1:212,
ODIN,Bergingsboot Lima Delta Safety Edam,Kustwacht/KNRM/Reddingsbrigade,,tomzulu_abbreviations,https://docs.google.com/spreadsheets/d/e/2PACX-1vQEUdOx_hCvNSkygQpbcwzWVBxQnXrsBoDD8raIOipSGhWqzfE4WfI0e33keKa9c02AShV1KTW3A8wq/pubhtml/sheet?headers=false&gid=1882334994,Kustwacht/KNRM/Reddingsbrigade:2:1:214,
OFFSAR,Offshore SAR-helikopter,Kustwacht/KNRM/Reddingsbrigade,,tomzulu_abbreviations,https://docs.google.com/spreadsheets/d/e/2PACX-1vQEUdOx_hCvNSkygQpbcwzWVBxQnXrsBoDD8raIOipSGhWqzfE4WfI0e33keKa9c02AShV1KTW3A8wq/pubhtml/sheet?headers=false&gid=1882334994,Kustwacht/KNRM/Reddingsbrigade:2:1:215,
OSB,Reddingsbrigade Oostburg,Kustwacht/KNRM/Reddingsbrigade,,tomzulu_abbreviations,https://docs.google.com/spreadsheets/d/e/2PACX-1vQEUdOx_hCvNSkygQpbcwzWVBxQnXrsBoDD8raIOipSGhWqzfE4WfI0e33keKa9c02AShV1KTW3A8wq/pubhtml/sheet?headers=false&gid=1882334994,Kustwacht/KNRM/Reddingsbrigade:2:1:216,
OSH,Reddingsbrigade Oosterhout,Kustwacht/KNRM/Reddingsbrigade,,tomzulu_abbreviations,https://docs.google.com/spreadsheets/d/e/2PACX-1vQEUdOx_hCvNSkygQpbcwzWVBxQnXrsBoDD8raIOipSGhWqzfE4WfI0e33keKa9c02AShV1KTW3A8wq/pubhtml/sheet?headers=false&gid=1882334994,Kustwacht/KNRM/Reddingsbrigade:2:1:217,
OSS,Reddingsbrigade Oss,Kustwacht/KNRM/Reddingsbrigade,,tomzulu_abbreviations,https://docs.google.com/spreadsheets/d/e/2PACX-1vQEUdOx_hCvNSkygQpbcwzWVBxQnXrsBoDD8raIOipSGhWqzfE4WfI0e33keKa9c02AShV1KTW3A8wq/pubhtml/sheet?headers=false&gid=1882334994,Kustwacht/KNRM/Reddingsbrigade:2:1:218,
OUD,KNRM Station Ouddorp (Noordzeekust & Grevelingenmeer),Kustwacht/KNRM/Reddingsbrigade,,tomzulu_abbreviations,https://docs.google.com/spreadsheets/d/e/2PACX-1vQEUdOx_hCvNSkygQpbcwzWVBxQnXrsBoDD8raIOipSGhWqzfE4WfI0e33keKa9c02AShV1KTW3A8wq/pubhtml/sheet?headers=false&gid=1882334994,Kustwacht/KNRM/Reddingsbrigade:2:1:219,
OUD,Reddingsbrigade Ouddorp,Kustwacht/KNRM/Reddingsbrigade,,tomzulu_abbreviations,https://docs.google.com/spreadsheets/d/e/2PACX-1vQEUdOx_hCvNSkygQpbcwzWVBxQnXrsBoDD8raIOipSGhWqzfE4WfI0e33keKa9c02AShV1KTW3A8wq/pubhtml/sheet?headers=false&gid=1882334994,Kustwacht/KNRM/Reddingsbrigade:2:1:220,
OUDbi,Ouddorp Reddingboot Griend,Kustwacht/KNRM/Reddingsbrigade,,tomzulu_abbreviations,https://docs.google.com/spreadsheets/d/e/2PACX-1vQEUdOx_hCvNSkygQpbcwzWVBxQnXrsBoDD8raIOipSGhWqzfE4WfI0e33keKa9c02AShV1KTW3A8wq/pubhtml/sheet?headers=false&gid=1882334994,Kustwacht/KNRM/Reddingsbrigade:2:1:221,
OUDbu,Ouddorp Reddingboot Baron van Lynden,Kustwacht/KNRM/Reddingsbrigade,,tomzulu_abbreviations,https://docs.google.com/spreadsheets/d/e/2PACX-1vQEUdOx_hCvNSkygQpbcwzWVBxQnXrsBoDD8raIOipSGhWqzfE4WfI0e33keKa9c02AShV1KTW3A8wq/pubhtml/sheet?headers=false&gid=1882334994,Kustwacht/KNRM/Reddingsbrigade:2:1:222,
OUDkhv,Ouddorp Kusthulpverleningsvoertuig,Kustwacht/KNRM/Reddingsbrigade,,tomzulu_abbreviations,https://docs.google.com/spreadsheets/d/e/2PACX-1vQEUdOx_hCvNSkygQpbcwzWVBxQnXrsBoDD8raIOipSGhWqzfE4WfI0e33keKa9c02AShV1KTW3A8wq/pubhtml/sheet?headers=false&gid=1882334994,Kustwacht/KNRM/Reddingsbrigade:2:1:225,
OUDrba,Reddingsbrigade Alarmploeg,Kustwacht/KNRM/Reddingsbrigade,,tomzulu_abbreviations,https://docs.google.com/spreadsheets/d/e/2PACX-1vQEUdOx_hCvNSkygQpbcwzWVBxQnXrsBoDD8raIOipSGhWqzfE4WfI0e33keKa9c02AShV1KTW3A8wq/pubhtml/sheet?headers=false&gid=1882334994,Kustwacht/KNRM/Reddingsbrigade:2:1:223,
OUDrbs,Reddingsbrigade Strandploeg,Kustwacht/KNRM/Reddingsbrigade,,tomzulu_abbreviations,https://docs.google.com/spreadsheets/d/e/2PACX-1vQEUdOx_hCvNSkygQpbcwzWVBxQnXrsBoDD8raIOipSGhWqzfE4WfI0e33keKa9c02AShV1KTW3A8wq/pubhtml/sheet?headers=false&gid=1882334994,Kustwacht/KNRM/Reddingsbrigade:2:1:224,
P1,Zeehavenpolitie Rotterdam,Kustwacht/KNRM/Reddingsbrigade,,tomzulu_abbreviations,https://docs.google.com/spreadsheets/d/e/2PACX-1vQEUdOx_hCvNSkygQpbcwzWVBxQnXrsBoDD8raIOipSGhWqzfE4WfI0e33keKa9c02AShV1KTW3A8wq/pubhtml/sheet?headers=false&gid=1882334994,Kustwacht/KNRM/Reddingsbrigade:2:1:274,
P106,KLPD waterscooter,Kustwacht/KNRM/Reddingsbrigade,,tomzulu_abbreviations,https://docs.google.com/spreadsheets/d/e/2PACX-1vQEUdOx_hCvNSkygQpbcwzWVBxQnXrsBoDD8raIOipSGhWqzfE4WfI0e33keKa9c02AShV1KTW3A8wq/pubhtml/sheet?headers=false&gid=1882334994,Kustwacht/KNRM/Reddingsbrigade:2:1:258,
P115,KLPD IJmuiden,Kustwacht/KNRM/Reddingsbrigade,,tomzulu_abbreviations,https://docs.google.com/spreadsheets/d/e/2PACX-1vQEUdOx_hCvNSkygQpbcwzWVBxQnXrsBoDD8raIOipSGhWqzfE4WfI0e33keKa9c02AShV1KTW3A8wq/pubhtml/sheet?headers=false&gid=1882334994,Kustwacht/KNRM/Reddingsbrigade:2:1:245,
P116,KLPD Amsterdam,Kustwacht/KNRM/Reddingsbrigade,,tomzulu_abbreviations,https://docs.google.com/spreadsheets/d/e/2PACX-1vQEUdOx_hCvNSkygQpbcwzWVBxQnXrsBoDD8raIOipSGhWqzfE4WfI0e33keKa9c02AShV1KTW3A8wq/pubhtml/sheet?headers=false&gid=1882334994,Kustwacht/KNRM/Reddingsbrigade:2:1:231,
P117,KLPD Harlingen,Kustwacht/KNRM/Reddingsbrigade,,tomzulu_abbreviations,https://docs.google.com/spreadsheets/d/e/2PACX-1vQEUdOx_hCvNSkygQpbcwzWVBxQnXrsBoDD8raIOipSGhWqzfE4WfI0e33keKa9c02AShV1KTW3A8wq/pubhtml/sheet?headers=false&gid=1882334994,Kustwacht/KNRM/Reddingsbrigade:2:1:243,
P13,Zeehavenpolitie Rotterdam,Kustwacht/KNRM/Reddingsbrigade,,tomzulu_abbreviations,https://docs.google.com/spreadsheets/d/e/2PACX-1vQEUdOx_hCvNSkygQpbcwzWVBxQnXrsBoDD8raIOipSGhWqzfE4WfI0e33keKa9c02AShV1KTW3A8wq/pubhtml/sheet?headers=false&gid=1882334994,Kustwacht/KNRM/Reddingsbrigade:2:1:275,
P14,Zeehavenpolitie Rotterdam,Kustwacht/KNRM/Reddingsbrigade,,tomzulu_abbreviations,https://docs.google.com/spreadsheets/d/e/2PACX-1vQEUdOx_hCvNSkygQpbcwzWVBxQnXrsBoDD8raIOipSGhWqzfE4WfI0e33keKa9c02AShV1KTW3A8wq/pubhtml/sheet?headers=false&gid=1882334994,Kustwacht/KNRM/Reddingsbrigade:2:1:276,
P148,KLPD ?,Kustwacht/KNRM/Reddingsbrigade,,tomzulu_abbreviations,https://docs.google.com/spreadsheets/d/e/2PACX-1vQEUdOx_hCvNSkygQpbcwzWVBxQnXrsBoDD8raIOipSGhWqzfE4WfI0e33keKa9c02AShV1KTW3A8wq/pubhtml/sheet?headers=false&gid=1882334994,Kustwacht/KNRM/Reddingsbrigade:2:1:229,
P16,Zeehavenpolitie Rotterdam,Kustwacht/KNRM/Reddingsbrigade,,tomzulu_abbreviations,https://docs.google.com/spreadsheets/d/e/2PACX-1vQEUdOx_hCvNSkygQpbcwzWVBxQnXrsBoDD8raIOipSGhWqzfE4WfI0e33keKa9c02AShV1KTW3A8wq/pubhtml/sheet?headers=false&gid=1882334994,Kustwacht/KNRM/Reddingsbrigade:2:1:277,
P162,KLPD ?,Kustwacht/KNRM/Reddingsbrigade,,tomzulu_abbreviations,https://docs.google.com/spreadsheets/d/e/2PACX-1vQEUdOx_hCvNSkygQpbcwzWVBxQnXrsBoDD8raIOipSGhWqzfE4WfI0e33keKa9c02AShV1KTW3A8wq/pubhtml/sheet?headers=false&gid=1882334994,Kustwacht/KNRM/Reddingsbrigade:2:1:230,
P174,KLPD Zeeland,Kustwacht/KNRM/Reddingsbrigade,,tomzulu_abbreviations,https://docs.google.com/spreadsheets/d/e/2PACX-1vQEUdOx_hCvNSkygQpbcwzWVBxQnXrsBoDD8raIOipSGhWqzfE4WfI0e33keKa9c02AShV1KTW3A8wq/pubhtml/sheet?headers=false&gid=1882334994,Kustwacht/KNRM/Reddingsbrigade:2:1:260,
P18,Zeehavenpolitie Rotterdam,Kustwacht/KNRM/Reddingsbrigade,,tomzulu_abbreviations,https://docs.google.com/spreadsheets/d/e/2PACX-1vQEUdOx_hCvNSkygQpbcwzWVBxQnXrsBoDD8raIOipSGhWqzfE4WfI0e33keKa9c02AShV1KTW3A8wq/pubhtml/sheet?headers=false&gid=1882334994,Kustwacht/KNRM/Reddingsbrigade:2:1:278,
P2,Zeehavenpolitie Rotterdam,Kustwacht/KNRM/Reddingsbrigade,,tomzulu_abbreviations,https://docs.google.com/spreadsheets/d/e/2PACX-1vQEUdOx_hCvNSkygQpbcwzWVBxQnXrsBoDD8raIOipSGhWqzfE4WfI0e33keKa9c02AShV1KTW3A8wq/pubhtml/sheet?headers=false&gid=1882334994,Kustwacht/KNRM/Reddingsbrigade:2:1:279,
P20,Politie Rotterdam Lansingerland (Rottemeren),Kustwacht/KNRM/Reddingsbrigade,,tomzulu_abbreviations,https://docs.google.com/spreadsheets/d/e/2PACX-1vQEUdOx_hCvNSkygQpbcwzWVBxQnXrsBoDD8raIOipSGhWqzfE4WfI0e33keKa9c02AShV1KTW3A8wq/pubhtml/sheet?headers=false&gid=1882334994,Kustwacht/KNRM/Reddingsbrigade:2:1:270,
P214,Politie Gooi & Vechtstreek,Kustwacht/KNRM/Reddingsbrigade,,tomzulu_abbreviations,https://docs.google.com/spreadsheets/d/e/2PACX-1vQEUdOx_hCvNSkygQpbcwzWVBxQnXrsBoDD8raIOipSGhWqzfE4WfI0e33keKa9c02AShV1KTW3A8wq/pubhtml/sheet?headers=false&gid=1882334994,Kustwacht/KNRM/Reddingsbrigade:2:1:268,
P22,KLPD Maarssen,Kustwacht/KNRM/Reddingsbrigade,,tomzulu_abbreviations,https://docs.google.com/spreadsheets/d/e/2PACX-1vQEUdOx_hCvNSkygQpbcwzWVBxQnXrsBoDD8raIOipSGhWqzfE4WfI0e33keKa9c02AShV1KTW3A8wq/pubhtml/sheet?headers=false&gid=1882334994,Kustwacht/KNRM/Reddingsbrigade:2:1:249,
P23,KLPD Nijmegen,Kustwacht/KNRM/Reddingsbrigade,,tomzulu_abbreviations,https://docs.google.com/spreadsheets/d/e/2PACX-1vQEUdOx_hCvNSkygQpbcwzWVBxQnXrsBoDD8raIOipSGhWqzfE4WfI0e33keKa9c02AShV1KTW3A8wq/pubhtml/sheet?headers=false&gid=1882334994,Kustwacht/KNRM/Reddingsbrigade:2:1:253,
P253,Politie Groningen,Kustwacht/KNRM/Reddingsbrigade,,tomzulu_abbreviations,https://docs.google.com/spreadsheets/d/e/2PACX-1vQEUdOx_hCvNSkygQpbcwzWVBxQnXrsBoDD8raIOipSGhWqzfE4WfI0e33keKa9c02AShV1KTW3A8wq/pubhtml/sheet?headers=false&gid=1882334994,Kustwacht/KNRM/Reddingsbrigade:2:1:269,
P255,Politie Flevoland,Kustwacht/KNRM/Reddingsbrigade,,tomzulu_abbreviations,https://docs.google.com/spreadsheets/d/e/2PACX-1vQEUdOx_hCvNSkygQpbcwzWVBxQnXrsBoDD8raIOipSGhWqzfE4WfI0e33keKa9c02AShV1KTW3A8wq/pubhtml/sheet?headers=false&gid=1882334994,Kustwacht/KNRM/Reddingsbrigade:2:1:267,
P27,KLPD Dordrecht,Kustwacht/KNRM/Reddingsbrigade,,tomzulu_abbreviations,https://docs.google.com/spreadsheets/d/e/2PACX-1vQEUdOx_hCvNSkygQpbcwzWVBxQnXrsBoDD8raIOipSGhWqzfE4WfI0e33keKa9c02AShV1KTW3A8wq/pubhtml/sheet?headers=false&gid=1882334994,Kustwacht/KNRM/Reddingsbrigade:2:1:236,
P3,Zeehavenpolitie Rotterdam,Kustwacht/KNRM/Reddingsbrigade,,tomzulu_abbreviations,https://docs.google.com/spreadsheets/d/e/2PACX-1vQEUdOx_hCvNSkygQpbcwzWVBxQnXrsBoDD8raIOipSGhWqzfE4WfI0e33keKa9c02AShV1KTW3A8wq/pubhtml/sheet?headers=false&gid=1882334994,Kustwacht/KNRM/Reddingsbrigade:2:1:280,
P31,KLPD Maarssen,Kustwacht/KNRM/Reddingsbrigade,,tomzulu_abbreviations,https://docs.google.com/spreadsheets/d/e/2PACX-1vQEUdOx_hCvNSkygQpbcwzWVBxQnXrsBoDD8raIOipSGhWqzfE4WfI0e33keKa9c02AShV1KTW3A8wq/pubhtml/sheet?headers=false&gid=1882334994,Kustwacht/KNRM/Reddingsbrigade:2:1:250,
P37,KLPD Tiel,Kustwacht/KNRM/Reddingsbrigade,,tomzulu_abbreviations,https://docs.google.com/spreadsheets/d/e/2PACX-1vQEUdOx_hCvNSkygQpbcwzWVBxQnXrsBoDD8raIOipSGhWqzfE4WfI0e33keKa9c02AShV1KTW3A8wq/pubhtml/sheet?headers=false&gid=1882334994,Kustwacht/KNRM/Reddingsbrigade:2:1:256,
P4,Zeehavenpolitie Rotterdam,Kustwacht/KNRM/Reddingsbrigade,,tomzulu_abbreviations,https://docs.google.com/spreadsheets/d/e/2PACX-1vQEUdOx_hCvNSkygQpbcwzWVBxQnXrsBoDD8raIOipSGhWqzfE4WfI0e33keKa9c02AShV1KTW3A8wq/pubhtml/sheet?headers=false&gid=1882334994,Kustwacht/KNRM/Reddingsbrigade:2:1:281,
P41,KLPD Vlissingen,Kustwacht/KNRM/Reddingsbrigade,,tomzulu_abbreviations,https://docs.google.com/spreadsheets/d/e/2PACX-1vQEUdOx_hCvNSkygQpbcwzWVBxQnXrsBoDD8raIOipSGhWqzfE4WfI0e33keKa9c02AShV1KTW3A8wq/pubhtml/sheet?headers=false&gid=1882334994,Kustwacht/KNRM/Reddingsbrigade:2:1:257,
P42,KLPD IJmuiden,Kustwacht/KNRM/Reddingsbrigade,,tomzulu_abbreviations,https://docs.google.com/spreadsheets/d/e/2PACX-1vQEUdOx_hCvNSkygQpbcwzWVBxQnXrsBoDD8raIOipSGhWqzfE4WfI0e33keKa9c02AShV1KTW3A8wq/pubhtml/sheet?headers=false&gid=1882334994,Kustwacht/KNRM/Reddingsbrigade:2:1:246,
P44,KLPD Delftzijl,Kustwacht/KNRM/Reddingsbrigade,,tomzulu_abbreviations,https://docs.google.com/spreadsheets/d/e/2PACX-1vQEUdOx_hCvNSkygQpbcwzWVBxQnXrsBoDD8raIOipSGhWqzfE4WfI0e33keKa9c02AShV1KTW3A8wq/pubhtml/sheet?headers=false&gid=1882334994,Kustwacht/KNRM/Reddingsbrigade:2:1:234,
P46,KLPD Maasbracht,Kustwacht/KNRM/Reddingsbrigade,,tomzulu_abbreviations,https://docs.google.com/spreadsheets/d/e/2PACX-1vQEUdOx_hCvNSkygQpbcwzWVBxQnXrsBoDD8raIOipSGhWqzfE4WfI0e33keKa9c02AShV1KTW3A8wq/pubhtml/sheet?headers=false&gid=1882334994,Kustwacht/KNRM/Reddingsbrigade:2:1:251,
P48,KLPD Harlingen,Kustwacht/KNRM/Reddingsbrigade,,tomzulu_abbreviations,https://docs.google.com/spreadsheets/d/e/2PACX-1vQEUdOx_hCvNSkygQpbcwzWVBxQnXrsBoDD8raIOipSGhWqzfE4WfI0e33keKa9c02AShV1KTW3A8wq/pubhtml/sheet?headers=false&gid=1882334994,Kustwacht/KNRM/Reddingsbrigade:2:1:244,
P49,KLPD Den Helder,Kustwacht/KNRM/Reddingsbrigade,,tomzulu_abbreviations,https://docs.google.com/spreadsheets/d/e/2PACX-1vQEUdOx_hCvNSkygQpbcwzWVBxQnXrsBoDD8raIOipSGhWqzfE4WfI0e33keKa9c02AShV1KTW3A8wq/pubhtml/sheet?headers=false&gid=1882334994,Kustwacht/KNRM/Reddingsbrigade:2:1:235,
P5,Zeehavenpolitie Rotterdam,Kustwacht/KNRM/Reddingsbrigade,,tomzulu_abbreviations,https://docs.google.com/spreadsheets/d/e/2PACX-1vQEUdOx_hCvNSkygQpbcwzWVBxQnXrsBoDD8raIOipSGhWqzfE4WfI0e33keKa9c02AShV1KTW3A8wq/pubhtml/sheet?headers=false&gid=1882334994,Kustwacht/KNRM/Reddingsbrigade:2:1:282,
P57,KLPD Gorinchem,Kustwacht/KNRM/Reddingsbrigade,,tomzulu_abbreviations,https://docs.google.com/spreadsheets/d/e/2PACX-1vQEUdOx_hCvNSkygQpbcwzWVBxQnXrsBoDD8raIOipSGhWqzfE4WfI0e33keKa9c02AShV1KTW3A8wq/pubhtml/sheet?headers=false&gid=1882334994,Kustwacht/KNRM/Reddingsbrigade:2:1:240,
P58,KLPD Terneuzen,Kustwacht/KNRM/Reddingsbrigade,,tomzulu_abbreviations,https://docs.google.com/spreadsheets/d/e/2PACX-1vQEUdOx_hCvNSkygQpbcwzWVBxQnXrsBoDD8raIOipSGhWqzfE4WfI0e33keKa9c02AShV1KTW3A8wq/pubhtml/sheet?headers=false&gid=1882334994,Kustwacht/KNRM/Reddingsbrigade:2:1:255,
P59,KLPD Dordrecht,Kustwacht/KNRM/Reddingsbrigade,,tomzulu_abbreviations,https://docs.google.com/spreadsheets/d/e/2PACX-1vQEUdOx_hCvNSkygQpbcwzWVBxQnXrsBoDD8raIOipSGhWqzfE4WfI0e33keKa9c02AShV1KTW3A8wq/pubhtml/sheet?headers=false&gid=1882334994,Kustwacht/KNRM/Reddingsbrigade:2:1:237,
P6,Zeehavenpolitie Rotterdam,Kustwacht/KNRM/Reddingsbrigade,,tomzulu_abbreviations,https://docs.google.com/spreadsheets/d/e/2PACX-1vQEUdOx_hCvNSkygQpbcwzWVBxQnXrsBoDD8raIOipSGhWqzfE4WfI0e33keKa9c02AShV1KTW3A8wq/pubhtml/sheet?headers=false&gid=1882334994,Kustwacht/KNRM/Reddingsbrigade:2:1:283,
P64,KLPD Sneek,Kustwacht/KNRM/Reddingsbrigade,,tomzulu_abbreviations,https://docs.google.com/spreadsheets/d/e/2PACX-1vQEUdOx_hCvNSkygQpbcwzWVBxQnXrsBoDD8raIOipSGhWqzfE4WfI0e33keKa9c02AShV1KTW3A8wq/pubhtml/sheet?headers=false&gid=1882334994,Kustwacht/KNRM/Reddingsbrigade:2:1:254,
P65,KLPD Amsterdam,Kustwacht/KNRM/Reddingsbrigade,,tomzulu_abbreviations,https://docs.google.com/spreadsheets/d/e/2PACX-1vQEUdOx_hCvNSkygQpbcwzWVBxQnXrsBoDD8raIOipSGhWqzfE4WfI0e33keKa9c02AShV1KTW3A8wq/pubhtml/sheet?headers=false&gid=1882334994,Kustwacht/KNRM/Reddingsbrigade:2:1:232,
P66,KLPD Zutphen,Kustwacht/KNRM/Reddingsbrigade,,tomzulu_abbreviations,https://docs.google.com/spreadsheets/d/e/2PACX-1vQEUdOx_hCvNSkygQpbcwzWVBxQnXrsBoDD8raIOipSGhWqzfE4WfI0e33keKa9c02AShV1KTW3A8wq/pubhtml/sheet?headers=false&gid=1882334994,Kustwacht/KNRM/Reddingsbrigade:2:1:261,
P7,Zeehavenpolitie Rotterdam,Kustwacht/KNRM/Reddingsbrigade,,tomzulu_abbreviations,https://docs.google.com/spreadsheets/d/e/2PACX-1vQEUdOx_hCvNSkygQpbcwzWVBxQnXrsBoDD8raIOipSGhWqzfE4WfI0e33keKa9c02AShV1KTW3A8wq/pubhtml/sheet?headers=false&gid=1882334994,Kustwacht/KNRM/Reddingsbrigade:2:1:284,
P8,Zeehavenpolitie Rotterdam,Kustwacht/KNRM/Reddingsbrigade,,tomzulu_abbreviations,https://docs.google.com/spreadsheets/d/e/2PACX-1vQEUdOx_hCvNSkygQpbcwzWVBxQnXrsBoDD8raIOipSGhWqzfE4WfI0e33keKa9c02AShV1KTW3A8wq/pubhtml/sheet?headers=false&gid=1882334994,Kustwacht/KNRM/Reddingsbrigade:2:1:285,
P85,KLPD Enkhuizen,Kustwacht/KNRM/Reddingsbrigade,,tomzulu_abbreviations,https://docs.google.com/spreadsheets/d/e/2PACX-1vQEUdOx_hCvNSkygQpbcwzWVBxQnXrsBoDD8raIOipSGhWqzfE4WfI0e33keKa9c02AShV1KTW3A8wq/pubhtml/sheet?headers=false&gid=1882334994,Kustwacht/KNRM/Reddingsbrigade:2:1:239,
P86,KLPD Hansweert,Kustwacht/KNRM/Reddingsbrigade,,tomzulu_abbreviations,https://docs.google.com/spreadsheets/d/e/2PACX-1vQEUdOx_hCvNSkygQpbcwzWVBxQnXrsBoDD8raIOipSGhWqzfE4WfI0e33keKa9c02AShV1KTW3A8wq/pubhtml/sheet?headers=false&gid=1882334994,Kustwacht/KNRM/Reddingsbrigade:2:1:242,
P87,KLPD Lelystad,Kustwacht/KNRM/Reddingsbrigade,,tomzulu_abbreviations,https://docs.google.com/spreadsheets/d/e/2PACX-1vQEUdOx_hCvNSkygQpbcwzWVBxQnXrsBoDD8raIOipSGhWqzfE4WfI0e33keKa9c02AShV1KTW3A8wq/pubhtml/sheet?headers=false&gid=1882334994,Kustwacht/KNRM/Reddingsbrigade:2:1:247,
P9,Zeehavenpolitie Rotterdam,Kustwacht/KNRM/Reddingsbrigade,,tomzulu_abbreviations,https://docs.google.com/spreadsheets/d/e/2PACX-1vQEUdOx_hCvNSkygQpbcwzWVBxQnXrsBoDD8raIOipSGhWqzfE4WfI0e33keKa9c02AShV1KTW3A8wq/pubhtml/sheet?headers=false&gid=1882334994,Kustwacht/KNRM/Reddingsbrigade:2:1:286,
P92,KLPD Lelystad,Kustwacht/KNRM/Reddingsbrigade,,tomzulu_abbreviations,https://docs.google.com/spreadsheets/d/e/2PACX-1vQEUdOx_hCvNSkygQpbcwzWVBxQnXrsBoDD8raIOipSGhWqzfE4WfI0e33keKa9c02AShV1KTW3A8wq/pubhtml/sheet?headers=false&gid=1882334994,Kustwacht/KNRM/Reddingsbrigade:2:1:248,
P93,KLPD Dordrecht,Kustwacht/KNRM/Reddingsbrigade,,tomzulu_abbreviations,https://docs.google.com/spreadsheets/d/e/2PACX-1vQEUdOx_hCvNSkygQpbcwzWVBxQnXrsBoDD8raIOipSGhWqzfE4WfI0e33keKa9c02AShV1KTW3A8wq/pubhtml/sheet?headers=false&gid=1882334994,Kustwacht/KNRM/Reddingsbrigade:2:1:238,
P95,KLPD Amsterdam,Kustwacht/KNRM/Reddingsbrigade,,tomzulu_abbreviations,https://docs.google.com/spreadsheets/d/e/2PACX-1vQEUdOx_hCvNSkygQpbcwzWVBxQnXrsBoDD8raIOipSGhWqzfE4WfI0e33keKa9c02AShV1KTW3A8wq/pubhtml/sheet?headers=false&gid=1882334994,Kustwacht/KNRM/Reddingsbrigade:2:1:233,
P96,KLPD Willemstad,Kustwacht/KNRM/Reddingsbrigade,,tomzulu_abbreviations,https://docs.google.com/spreadsheets/d/e/2PACX-1vQEUdOx_hCvNSkygQpbcwzWVBxQnXrsBoDD8raIOipSGhWqzfE4WfI0e33keKa9c02AShV1KTW3A8wq/pubhtml/sheet?headers=false&gid=1882334994,Kustwacht/KNRM/Reddingsbrigade:2:1:259,
P97,KLPD Maasbracht,Kustwacht/KNRM/Reddingsbrigade,,tomzulu_abbreviations,https://docs.google.com/spreadsheets/d/e/2PACX-1vQEUdOx_hCvNSkygQpbcwzWVBxQnXrsBoDD8raIOipSGhWqzfE4WfI0e33keKa9c02AShV1KTW3A8wq/pubhtml/sheet?headers=false&gid=1882334994,Kustwacht/KNRM/Reddingsbrigade:2:1:252,
P99,KLPD Gorinchem,Kustwacht/KNRM/Reddingsbrigade,,tomzulu_abbreviations,https://docs.google.com/spreadsheets/d/e/2PACX-1vQEUdOx_hCvNSkygQpbcwzWVBxQnXrsBoDD8raIOipSGhWqzfE4WfI0e33keKa9c02AShV1KTW3A8wq/pubhtml/sheet?headers=false&gid=1882334994,Kustwacht/KNRM/Reddingsbrigade:2:1:241,
PET,KNRM station Petten (Noordzeekust),Kustwacht/KNRM/Reddingsbrigade,,tomzulu_abbreviations,https://docs.google.com/spreadsheets/d/e/2PACX-1vQEUdOx_hCvNSkygQpbcwzWVBxQnXrsBoDD8raIOipSGhWqzfE4WfI0e33keKa9c02AShV1KTW3A8wq/pubhtml/sheet?headers=false&gid=1882334994,Kustwacht/KNRM/Reddingsbrigade:2:1:262,
PET,KNRM station Petten Reddinboot Dolfijn,Kustwacht/KNRM/Reddingsbrigade,,tomzulu_abbreviations,https://docs.google.com/spreadsheets/d/e/2PACX-1vQEUdOx_hCvNSkygQpbcwzWVBxQnXrsBoDD8raIOipSGhWqzfE4WfI0e33keKa9c02AShV1KTW3A8wq/pubhtml/sheet?headers=false&gid=1882334994,Kustwacht/KNRM/Reddingsbrigade:2:1:264,
PETkhv,KNRM station Petten Kusthuplverleningvoertuig,Kustwacht/KNRM/Reddingsbrigade,,tomzulu_abbreviations,https://docs.google.com/spreadsheets/d/e/2PACX-1vQEUdOx_hCvNSkygQpbcwzWVBxQnXrsBoDD8raIOipSGhWqzfE4WfI0e33keKa9c02AShV1KTW3A8wq/pubhtml/sheet?headers=false&gid=1882334994,Kustwacht/KNRM/Reddingsbrigade:2:1:263,
PLB,Personal Locator Beacon,Kustwacht/KNRM/Reddingsbrigade,,tomzulu_abbreviations,https://docs.google.com/spreadsheets/d/e/2PACX-1vQEUdOx_hCvNSkygQpbcwzWVBxQnXrsBoDD8raIOipSGhWqzfE4WfI0e33keKa9c02AShV1KTW3A8wq/pubhtml/sheet?headers=false&gid=1882334994,Kustwacht/KNRM/Reddingsbrigade:2:1:266,
POSEIDON,Bergingsboot Lima Delta Safety Edam,Kustwacht/KNRM/Reddingsbrigade,,tomzulu_abbreviations,https://docs.google.com/spreadsheets/d/e/2PACX-1vQEUdOx_hCvNSkygQpbcwzWVBxQnXrsBoDD8raIOipSGhWqzfE4WfI0e33keKa9c02AShV1KTW3A8wq/pubhtml/sheet?headers=false&gid=1882334994,Kustwacht/KNRM/Reddingsbrigade:2:1:227,
Prio1,potentieel gevaarlijk,Kustwacht/KNRM/Reddingsbrigade,,tomzulu_abbreviations,https://docs.google.com/spreadsheets/d/e/2PACX-1vQEUdOx_hCvNSkygQpbcwzWVBxQnXrsBoDD8raIOipSGhWqzfE4WfI0e33keKa9c02AShV1KTW3A8wq/pubhtml/sheet?headers=false&gid=1882334994,Kustwacht/KNRM/Reddingsbrigade:2:1:271,
Prio2,niet direct gevaar,Kustwacht/KNRM/Reddingsbrigade,,tomzulu_abbreviations,https://docs.google.com/spreadsheets/d/e/2PACX-1vQEUdOx_hCvNSkygQpbcwzWVBxQnXrsBoDD8raIOipSGhWqzfE4WfI0e33keKa9c02AShV1KTW3A8wq/pubhtml/sheet?headers=false&gid=1882334994,Kustwacht/KNRM/Reddingsbrigade:2:1:265,
Prio3,geen gevaar en zal het ook niet worden,Kustwacht/KNRM/Reddingsbrigade,,tomzulu_abbreviations,https://docs.google.com/spreadsheets/d/e/2PACX-1vQEUdOx_hCvNSkygQpbcwzWVBxQnXrsBoDD8raIOipSGhWqzfE4WfI0e33keKa9c02AShV1KTW3A8wq/pubhtml/sheet?headers=false&gid=1882334994,Kustwacht/KNRM/Reddingsbrigade:2:1:228,
PTN,Reddingsbrigade Petten,Kustwacht/KNRM/Reddingsbrigade,,tomzulu_abbreviations,https://docs.google.com/spreadsheets/d/e/2PACX-1vQEUdOx_hCvNSkygQpbcwzWVBxQnXrsBoDD8raIOipSGhWqzfE4WfI0e33keKa9c02AShV1KTW3A8wq/pubhtml/sheet?headers=false&gid=1882334994,Kustwacht/KNRM/Reddingsbrigade:2:1:272,
PTN110,Reddingsbrigade Strandvoertuig,Kustwacht/KNRM/Reddingsbrigade,,tomzulu_abbreviations,https://docs.google.com/spreadsheets/d/e/2PACX-1vQEUdOx_hCvNSkygQpbcwzWVBxQnXrsBoDD8raIOipSGhWqzfE4WfI0e33keKa9c02AShV1KTW3A8wq/pubhtml/sheet?headers=false&gid=1882334994,Kustwacht/KNRM/Reddingsbrigade:2:1:273,
RBBLD220,Reddingsbrigade Bloemendaal Strandvoertuig,Kustwacht/KNRM/Reddingsbrigade,,tomzulu_abbreviations,https://docs.google.com/spreadsheets/d/e/2PACX-1vQEUdOx_hCvNSkygQpbcwzWVBxQnXrsBoDD8raIOipSGhWqzfE4WfI0e33keKa9c02AShV1KTW3A8wq/pubhtml/sheet?headers=false&gid=1882334994,Kustwacht/KNRM/Reddingsbrigade:2:1:288,
RBBLD230,Reddingsbrigade Bloemendaal Strandvoertuig,Kustwacht/KNRM/Reddingsbrigade,,tomzulu_abbreviations,https://docs.google.com/spreadsheets/d/e/2PACX-1vQEUdOx_hCvNSkygQpbcwzWVBxQnXrsBoDD8raIOipSGhWqzfE4WfI0e33keKa9c02AShV1KTW3A8wq/pubhtml/sheet?headers=false&gid=1882334994,Kustwacht/KNRM/Reddingsbrigade:2:1:289,
RBGV,Reddingsbrigade Den Haag,Kustwacht/KNRM/Reddingsbrigade,,tomzulu_abbreviations,https://docs.google.com/spreadsheets/d/e/2PACX-1vQEUdOx_hCvNSkygQpbcwzWVBxQnXrsBoDD8raIOipSGhWqzfE4WfI0e33keKa9c02AShV1KTW3A8wq/pubhtml/sheet?headers=false&gid=1882334994,Kustwacht/KNRM/Reddingsbrigade:2:1:290,
RBGV,Reddingsbrigade Scheveningen,Kustwacht/KNRM/Reddingsbrigade,,tomzulu_abbreviations,https://docs.google.com/spreadsheets/d/e/2PACX-1vQEUdOx_hCvNSkygQpbcwzWVBxQnXrsBoDD8raIOipSGhWqzfE4WfI0e33keKa9c02AShV1KTW3A8wq/pubhtml/sheet?headers=false&gid=1882334994,Kustwacht/KNRM/Reddingsbrigade:2:1:291,
RBMS,Reddingsbrigade Monster,Kustwacht/KNRM/Reddingsbrigade,,tomzulu_abbreviations,https://docs.google.com/spreadsheets/d/e/2PACX-1vQEUdOx_hCvNSkygQpbcwzWVBxQnXrsBoDD8raIOipSGhWqzfE4WfI0e33keKa9c02AShV1KTW3A8wq/pubhtml/sheet?headers=false&gid=1882334994,Kustwacht/KNRM/Reddingsbrigade:2:1:292,
RBWKZ410,Reddingsbrigade Wijk aan Zee Strandvoertuig,Kustwacht/KNRM/Reddingsbrigade,,tomzulu_abbreviations,https://docs.google.com/spreadsheets/d/e/2PACX-1vQEUdOx_hCvNSkygQpbcwzWVBxQnXrsBoDD8raIOipSGhWqzfE4WfI0e33keKa9c02AShV1KTW3A8wq/pubhtml/sheet?headers=false&gid=1882334994,Kustwacht/KNRM/Reddingsbrigade:2:1:293,
RBYMD320,Reddingsbrigade IJmuiden Strandvoertuig,Kustwacht/KNRM/Reddingsbrigade,,tomzulu_abbreviations,https://docs.google.com/spreadsheets/d/e/2PACX-1vQEUdOx_hCvNSkygQpbcwzWVBxQnXrsBoDD8raIOipSGhWqzfE4WfI0e33keKa9c02AShV1KTW3A8wq/pubhtml/sheet?headers=false&gid=1882334994,Kustwacht/KNRM/Reddingsbrigade:2:1:294,
RBYMD330,Reddingsbrigade IJmuiden Strandvoertuig,Kustwacht/KNRM/Reddingsbrigade,,tomzulu_abbreviations,https://docs.google.com/spreadsheets/d/e/2PACX-1vQEUdOx_hCvNSkygQpbcwzWVBxQnXrsBoDD8raIOipSGhWqzfE4WfI0e33keKa9c02AShV1KTW3A8wq/pubhtml/sheet?headers=false&gid=1882334994,Kustwacht/KNRM/Reddingsbrigade:2:1:295,
RBYMD350,Reddingsbrigade IJmuiden Quad,Kustwacht/KNRM/Reddingsbrigade,,tomzulu_abbreviations,https://docs.google.com/spreadsheets/d/e/2PACX-1vQEUdOx_hCvNSkygQpbcwzWVBxQnXrsBoDD8raIOipSGhWqzfE4WfI0e33keKa9c02AShV1KTW3A8wq/pubhtml/sheet?headers=false&gid=1882334994,Kustwacht/KNRM/Reddingsbrigade:2:1:296,
RBZVT111,Reddingsbrigade Zandvoort Strandvoertuig,Kustwacht/KNRM/Reddingsbrigade,,tomzulu_abbreviations,https://docs.google.com/spreadsheets/d/e/2PACX-1vQEUdOx_hCvNSkygQpbcwzWVBxQnXrsBoDD8raIOipSGhWqzfE4WfI0e33keKa9c02AShV1KTW3A8wq/pubhtml/sheet?headers=false&gid=1882334994,Kustwacht/KNRM/Reddingsbrigade:2:1:297,
RBZVT120,Reddingsbrigade Zandvoort Strandvoertuig,Kustwacht/KNRM/Reddingsbrigade,,tomzulu_abbreviations,https://docs.google.com/spreadsheets/d/e/2PACX-1vQEUdOx_hCvNSkygQpbcwzWVBxQnXrsBoDD8raIOipSGhWqzfE4WfI0e33keKa9c02AShV1KTW3A8wq/pubhtml/sheet?headers=false&gid=1882334994,Kustwacht/KNRM/Reddingsbrigade:2:1:298,
RBZVT130,Reddingsbrigade Zandvoort Strandvoertuig,Kustwacht/KNRM/Reddingsbrigade,,tomzulu_abbreviations,https://docs.google.com/spreadsheets/d/e/2PACX-1vQEUdOx_hCvNSkygQpbcwzWVBxQnXrsBoDD8raIOipSGhWqzfE4WfI0e33keKa9c02AShV1KTW3A8wq/pubhtml/sheet?headers=false&gid=1882334994,Kustwacht/KNRM/Reddingsbrigade:2:1:299,
RKJrba,Reddingsbrigade Rockanje Alarmploeg,Kustwacht/KNRM/Reddingsbrigade,,tomzulu_abbreviations,https://docs.google.com/spreadsheets/d/e/2PACX-1vQEUdOx_hCvNSkygQpbcwzWVBxQnXrsBoDD8raIOipSGhWqzfE4WfI0e33keKa9c02AShV1KTW3A8wq/pubhtml/sheet?headers=false&gid=1882334994,Kustwacht/KNRM/Reddingsbrigade:2:1:300,
RKJrbs,Reddingsbrigade Rockanje Strandploeg,Kustwacht/KNRM/Reddingsbrigade,,tomzulu_abbreviations,https://docs.google.com/spreadsheets/d/e/2PACX-1vQEUdOx_hCvNSkygQpbcwzWVBxQnXrsBoDD8raIOipSGhWqzfE4WfI0e33keKa9c02AShV1KTW3A8wq/pubhtml/sheet?headers=false&gid=1882334994,Kustwacht/KNRM/Reddingsbrigade:2:1:301,
RMAPO,Reddingboot Annie Poulisse,Kustwacht/KNRM/Reddingsbrigade,,tomzulu_abbreviations,https://docs.google.com/spreadsheets/d/e/2PACX-1vQEUdOx_hCvNSkygQpbcwzWVBxQnXrsBoDD8raIOipSGhWqzfE4WfI0e33keKa9c02AShV1KTW3A8wq/pubhtml/sheet?headers=false&gid=1882334994,Kustwacht/KNRM/Reddingsbrigade:2:1:302,
RMDON,Reddingboot Donateur,Kustwacht/KNRM/Reddingsbrigade,,tomzulu_abbreviations,https://docs.google.com/spreadsheets/d/e/2PACX-1vQEUdOx_hCvNSkygQpbcwzWVBxQnXrsBoDD8raIOipSGhWqzfE4WfI0e33keKa9c02AShV1KTW3A8wq/pubhtml/sheet?headers=false&gid=1882334994,Kustwacht/KNRM/Reddingsbrigade:2:1:303,
RMKVM,Reddingboot Koos van Messel,Kustwacht/KNRM/Reddingsbrigade,,tomzulu_abbreviations,https://docs.google.com/spreadsheets/d/e/2PACX-1vQEUdOx_hCvNSkygQpbcwzWVBxQnXrsBoDD8raIOipSGhWqzfE4WfI0e33keKa9c02AShV1KTW3A8wq/pubhtml/sheet?headers=false&gid=1882334994,Kustwacht/KNRM/Reddingsbrigade:2:1:304,
RRM,Reddingsbrigade Roermond,Kustwacht/KNRM/Reddingsbrigade,,tomzulu_abbreviations,https://docs.google.com/spreadsheets/d/e/2PACX-1vQEUdOx_hCvNSkygQpbcwzWVBxQnXrsBoDD8raIOipSGhWqzfE4WfI0e33keKa9c02AShV1KTW3A8wq/pubhtml/sheet?headers=false&gid=1882334994,Kustwacht/KNRM/Reddingsbrigade:2:1:305,
RSM,Reddingsbrigade Rosmalen,Kustwacht/KNRM/Reddingsbrigade,,tomzulu_abbreviations,https://docs.google.com/spreadsheets/d/e/2PACX-1vQEUdOx_hCvNSkygQpbcwzWVBxQnXrsBoDD8raIOipSGhWqzfE4WfI0e33keKa9c02AShV1KTW3A8wq/pubhtml/sheet?headers=false&gid=1882334994,Kustwacht/KNRM/Reddingsbrigade:2:1:306,
RTD,Reddingsbrigade Rotterdam,Kustwacht/KNRM/Reddingsbrigade,,tomzulu_abbreviations,https://docs.google.com/spreadsheets/d/e/2PACX-1vQEUdOx_hCvNSkygQpbcwzWVBxQnXrsBoDD8raIOipSGhWqzfE4WfI0e33keKa9c02AShV1KTW3A8wq/pubhtml/sheet?headers=false&gid=1882334994,Kustwacht/KNRM/Reddingsbrigade:2:1:307,
RUNNER,Reddingboot (RIB) Sleep- en Bergingsbedrijf Veltman Ameland,Kustwacht/KNRM/Reddingsbrigade,,tomzulu_abbreviations,https://docs.google.com/spreadsheets/d/e/2PACX-1vQEUdOx_hCvNSkygQpbcwzWVBxQnXrsBoDD8raIOipSGhWqzfE4WfI0e33keKa9c02AShV1KTW3A8wq/pubhtml/sheet?headers=false&gid=1882334994,Kustwacht/KNRM/Reddingsbrigade:2:1:308,
RV160,Marechaussee Drechtsteden,Kustwacht/KNRM/Reddingsbrigade,,tomzulu_abbreviations,https://docs.google.com/spreadsheets/d/e/2PACX-1vQEUdOx_hCvNSkygQpbcwzWVBxQnXrsBoDD8raIOipSGhWqzfE4WfI0e33keKa9c02AShV1KTW3A8wq/pubhtml/sheet?headers=false&gid=1882334994,Kustwacht/KNRM/Reddingsbrigade:2:1:309,
RV161,Marechaussee Kattenburg Amsterdam,Kustwacht/KNRM/Reddingsbrigade,,tomzulu_abbreviations,https://docs.google.com/spreadsheets/d/e/2PACX-1vQEUdOx_hCvNSkygQpbcwzWVBxQnXrsBoDD8raIOipSGhWqzfE4WfI0e33keKa9c02AShV1KTW3A8wq/pubhtml/sheet?headers=false&gid=1882334994,Kustwacht/KNRM/Reddingsbrigade:2:1:310,
RV162,Marechaussee Wycker Meer Amsterdam,Kustwacht/KNRM/Reddingsbrigade,,tomzulu_abbreviations,https://docs.google.com/spreadsheets/d/e/2PACX-1vQEUdOx_hCvNSkygQpbcwzWVBxQnXrsBoDD8raIOipSGhWqzfE4WfI0e33keKa9c02AShV1KTW3A8wq/pubhtml/sheet?headers=false&gid=1882334994,Kustwacht/KNRM/Reddingsbrigade:2:1:311,
RV166,Marechaussee De Drie Zijlen Zoutkamp,Kustwacht/KNRM/Reddingsbrigade,,tomzulu_abbreviations,https://docs.google.com/spreadsheets/d/e/2PACX-1vQEUdOx_hCvNSkygQpbcwzWVBxQnXrsBoDD8raIOipSGhWqzfE4WfI0e33keKa9c02AShV1KTW3A8wq/pubhtml/sheet?headers=false&gid=1882334994,Kustwacht/KNRM/Reddingsbrigade:2:1:312,
RV168,Marechaussee Keyserplaat Den Helder,Kustwacht/KNRM/Reddingsbrigade,,tomzulu_abbreviations,https://docs.google.com/spreadsheets/d/e/2PACX-1vQEUdOx_hCvNSkygQpbcwzWVBxQnXrsBoDD8raIOipSGhWqzfE4WfI0e33keKa9c02AShV1KTW3A8wq/pubhtml/sheet?headers=false&gid=1882334994,Kustwacht/KNRM/Reddingsbrigade:2:1:313,
RV169,Marechaussee De Drie Zijlen Zutkamp,Kustwacht/KNRM/Reddingsbrigade,,tomzulu_abbreviations,https://docs.google.com/spreadsheets/d/e/2PACX-1vQEUdOx_hCvNSkygQpbcwzWVBxQnXrsBoDD8raIOipSGhWqzfE4WfI0e33keKa9c02AShV1KTW3A8wq/pubhtml/sheet?headers=false&gid=1882334994,Kustwacht/KNRM/Reddingsbrigade:2:1:314,
RV177,Marechaussee Klovenier Rotterdam,Kustwacht/KNRM/Reddingsbrigade,,tomzulu_abbreviations,https://docs.google.com/spreadsheets/d/e/2PACX-1vQEUdOx_hCvNSkygQpbcwzWVBxQnXrsBoDD8raIOipSGhWqzfE4WfI0e33keKa9c02AShV1KTW3A8wq/pubhtml/sheet?headers=false&gid=1882334994,Kustwacht/KNRM/Reddingsbrigade:2:1:315,
RV180,Marechaussee,Kustwacht/KNRM/Reddingsbrigade,,tomzulu_abbreviations,https://docs.google.com/spreadsheets/d/e/2PACX-1vQEUdOx_hCvNSkygQpbcwzWVBxQnXrsBoDD8raIOipSGhWqzfE4WfI0e33keKa9c02AShV1KTW3A8wq/pubhtml/sheet?headers=false&gid=1882334994,Kustwacht/KNRM/Reddingsbrigade:2:1:316,
RWD,Reddingsbrigade Rijnwaarden,Kustwacht/KNRM/Reddingsbrigade,,tomzulu_abbreviations,https://docs.google.com/spreadsheets/d/e/2PACX-1vQEUdOx_hCvNSkygQpbcwzWVBxQnXrsBoDD8raIOipSGhWqzfE4WfI0e33keKa9c02AShV1KTW3A8wq/pubhtml/sheet?headers=false&gid=1882334994,Kustwacht/KNRM/Reddingsbrigade:2:1:317,
RWS70,Rijkswaterstaat Vlissingen (Westerschelde),Kustwacht/KNRM/Reddingsbrigade,,tomzulu_abbreviations,https://docs.google.com/spreadsheets/d/e/2PACX-1vQEUdOx_hCvNSkygQpbcwzWVBxQnXrsBoDD8raIOipSGhWqzfE4WfI0e33keKa9c02AShV1KTW3A8wq/pubhtml/sheet?headers=false&gid=1882334994,Kustwacht/KNRM/Reddingsbrigade:2:1:318,
RWS71,Rijkswaterstaat Dordrecht (Hollands Diep),Kustwacht/KNRM/Reddingsbrigade,,tomzulu_abbreviations,https://docs.google.com/spreadsheets/d/e/2PACX-1vQEUdOx_hCvNSkygQpbcwzWVBxQnXrsBoDD8raIOipSGhWqzfE4WfI0e33keKa9c02AShV1KTW3A8wq/pubhtml/sheet?headers=false&gid=1882334994,Kustwacht/KNRM/Reddingsbrigade:2:1:319,
RWS72,Rijkswaterstaat Tiel (de Waal / de Linge / het Amsterdam-Rijnkanaal),Kustwacht/KNRM/Reddingsbrigade,,tomzulu_abbreviations,https://docs.google.com/spreadsheets/d/e/2PACX-1vQEUdOx_hCvNSkygQpbcwzWVBxQnXrsBoDD8raIOipSGhWqzfE4WfI0e33keKa9c02AShV1KTW3A8wq/pubhtml/sheet?headers=false&gid=1882334994,Kustwacht/KNRM/Reddingsbrigade:2:1:320,
RWS73,Rijkswaterstaat Werkendam (Nieuwe Merwede / de Waal),Kustwacht/KNRM/Reddingsbrigade,,tomzulu_abbreviations,https://docs.google.com/spreadsheets/d/e/2PACX-1vQEUdOx_hCvNSkygQpbcwzWVBxQnXrsBoDD8raIOipSGhWqzfE4WfI0e33keKa9c02AShV1KTW3A8wq/pubhtml/sheet?headers=false&gid=1882334994,Kustwacht/KNRM/Reddingsbrigade:2:1:321,
RWS74,Rijkswaterstaat Lauwersoog (Waddenzee),Kustwacht/KNRM/Reddingsbrigade,,tomzulu_abbreviations,https://docs.google.com/spreadsheets/d/e/2PACX-1vQEUdOx_hCvNSkygQpbcwzWVBxQnXrsBoDD8raIOipSGhWqzfE4WfI0e33keKa9c02AShV1KTW3A8wq/pubhtml/sheet?headers=false&gid=1882334994,Kustwacht/KNRM/Reddingsbrigade:2:1:322,
RWS75,Rijkswaterstaat Wemeldinge (Oosterschelde),Kustwacht/KNRM/Reddingsbrigade,,tomzulu_abbreviations,https://docs.google.com/spreadsheets/d/e/2PACX-1vQEUdOx_hCvNSkygQpbcwzWVBxQnXrsBoDD8raIOipSGhWqzfE4WfI0e33keKa9c02AShV1KTW3A8wq/pubhtml/sheet?headers=false&gid=1882334994,Kustwacht/KNRM/Reddingsbrigade:2:1:323,
RWS76,Rijkswaterstaat Harlingen (Waddenzee),Kustwacht/KNRM/Reddingsbrigade,,tomzulu_abbreviations,https://docs.google.com/spreadsheets/d/e/2PACX-1vQEUdOx_hCvNSkygQpbcwzWVBxQnXrsBoDD8raIOipSGhWqzfE4WfI0e33keKa9c02AShV1KTW3A8wq/pubhtml/sheet?headers=false&gid=1882334994,Kustwacht/KNRM/Reddingsbrigade:2:1:324,
RWS77,Rijkswaterstaat Enkhuizen (IJsselmeer / Markenmeer),Kustwacht/KNRM/Reddingsbrigade,,tomzulu_abbreviations,https://docs.google.com/spreadsheets/d/e/2PACX-1vQEUdOx_hCvNSkygQpbcwzWVBxQnXrsBoDD8raIOipSGhWqzfE4WfI0e33keKa9c02AShV1KTW3A8wq/pubhtml/sheet?headers=false&gid=1882334994,Kustwacht/KNRM/Reddingsbrigade:2:1:325,
RWS78,Rijkswaterstaat Vlissingen,Kustwacht/KNRM/Reddingsbrigade,,tomzulu_abbreviations,https://docs.google.com/spreadsheets/d/e/2PACX-1vQEUdOx_hCvNSkygQpbcwzWVBxQnXrsBoDD8raIOipSGhWqzfE4WfI0e33keKa9c02AShV1KTW3A8wq/pubhtml/sheet?headers=false&gid=1882334994,Kustwacht/KNRM/Reddingsbrigade:2:1:326,
RWS79,Rijkswaterstaat Hansweert,Kustwacht/KNRM/Reddingsbrigade,,tomzulu_abbreviations,https://docs.google.com/spreadsheets/d/e/2PACX-1vQEUdOx_hCvNSkygQpbcwzWVBxQnXrsBoDD8raIOipSGhWqzfE4WfI0e33keKa9c02AShV1KTW3A8wq/pubhtml/sheet?headers=false&gid=1882334994,Kustwacht/KNRM/Reddingsbrigade:2:1:327,
SAREX,Search And Rescue Exercise,Kustwacht/KNRM/Reddingsbrigade,,tomzulu_abbreviations,https://docs.google.com/spreadsheets/d/e/2PACX-1vQEUdOx_hCvNSkygQpbcwzWVBxQnXrsBoDD8raIOipSGhWqzfE4WfI0e33keKa9c02AShV1KTW3A8wq/pubhtml/sheet?headers=false&gid=1882334994,Kustwacht/KNRM/Reddingsbrigade:2:1:331,
SCA,Brandweerboot Scaldis Stavenisse,Kustwacht/KNRM/Reddingsbrigade,,tomzulu_abbreviations,https://docs.google.com/spreadsheets/d/e/2PACX-1vQEUdOx_hCvNSkygQpbcwzWVBxQnXrsBoDD8raIOipSGhWqzfE4WfI0e33keKa9c02AShV1KTW3A8wq/pubhtml/sheet?headers=false&gid=1882334994,Kustwacht/KNRM/Reddingsbrigade:2:1:332,
SCH,KNRM s:tation Scheveningen (Noordzeekust),Kustwacht/KNRM/Reddingsbrigade,,tomzulu_abbreviations,https://docs.google.com/spreadsheets/d/e/2PACX-1vQEUdOx_hCvNSkygQpbcwzWVBxQnXrsBoDD8raIOipSGhWqzfE4WfI0e33keKa9c02AShV1KTW3A8wq/pubhtml/sheet?headers=false&gid=1882334994,Kustwacht/KNRM/Reddingsbrigade:2:1:333,
SCH1,KNRM station Scheveningen Reddingboot Kitty Roosmale Nepveu,Kustwacht/KNRM/Reddingsbrigade,,tomzulu_abbreviations,https://docs.google.com/spreadsheets/d/e/2PACX-1vQEUdOx_hCvNSkygQpbcwzWVBxQnXrsBoDD8raIOipSGhWqzfE4WfI0e33keKa9c02AShV1KTW3A8wq/pubhtml/sheet?headers=false&gid=1882334994,Kustwacht/KNRM/Reddingsbrigade:2:1:334,
SCH2,KNRM station Scheveningen Reddingboot Jaap Pronk,Kustwacht/KNRM/Reddingsbrigade,,tomzulu_abbreviations,https://docs.google.com/spreadsheets/d/e/2PACX-1vQEUdOx_hCvNSkygQpbcwzWVBxQnXrsBoDD8raIOipSGhWqzfE4WfI0e33keKa9c02AShV1KTW3A8wq/pubhtml/sheet?headers=false&gid=1882334994,Kustwacht/KNRM/Reddingsbrigade:2:1:335,
SCHkhv,KNRM station Scheveningen kusthulpverleningsvoertuig,Kustwacht/KNRM/Reddingsbrigade,,tomzulu_abbreviations,https://docs.google.com/spreadsheets/d/e/2PACX-1vQEUdOx_hCvNSkygQpbcwzWVBxQnXrsBoDD8raIOipSGhWqzfE4WfI0e33keKa9c02AShV1KTW3A8wq/pubhtml/sheet?headers=false&gid=1882334994,Kustwacht/KNRM/Reddingsbrigade:2:1:336,
SEEKER,Reddingsbrigade HOGE (Hulporganisatie Gooi- en Eemmeer),Kustwacht/KNRM/Reddingsbrigade,,tomzulu_abbreviations,https://docs.google.com/spreadsheets/d/e/2PACX-1vQEUdOx_hCvNSkygQpbcwzWVBxQnXrsBoDD8raIOipSGhWqzfE4WfI0e33keKa9c02AShV1KTW3A8wq/pubhtml/sheet?headers=false&gid=1882334994,Kustwacht/KNRM/Reddingsbrigade:2:1:337,
SGZ,Reddingsbrigade 's -Gravenzande,Kustwacht/KNRM/Reddingsbrigade,,tomzulu_abbreviations,https://docs.google.com/spreadsheets/d/e/2PACX-1vQEUdOx_hCvNSkygQpbcwzWVBxQnXrsBoDD8raIOipSGhWqzfE4WfI0e33keKa9c02AShV1KTW3A8wq/pubhtml/sheet?headers=false&gid=1882334994,Kustwacht/KNRM/Reddingsbrigade:2:1:338,
Simac,Reddingboot Simac,Kustwacht/KNRM/Reddingsbrigade,,tomzulu_abbreviations,https://docs.google.com/spreadsheets/d/e/2PACX-1vQEUdOx_hCvNSkygQpbcwzWVBxQnXrsBoDD8raIOipSGhWqzfE4WfI0e33keKa9c02AShV1KTW3A8wq/pubhtml/sheet?headers=false&gid=1882334994,Kustwacht/KNRM/Reddingsbrigade:2:1:339,
SKUA,High Speed Tender Skua (Rederij van Noordgat),Kustwacht/KNRM/Reddingsbrigade,,tomzulu_abbreviations,https://docs.google.com/spreadsheets/d/e/2PACX-1vQEUdOx_hCvNSkygQpbcwzWVBxQnXrsBoDD8raIOipSGhWqzfE4WfI0e33keKa9c02AShV1KTW3A8wq/pubhtml/sheet?headers=false&gid=1882334994,Kustwacht/KNRM/Reddingsbrigade:2:1:340,
SLSrbs,Reddingsbrigade Sluis Strandploeg,Kustwacht/KNRM/Reddingsbrigade,,tomzulu_abbreviations,https://docs.google.com/spreadsheets/d/e/2PACX-1vQEUdOx_hCvNSkygQpbcwzWVBxQnXrsBoDD8raIOipSGhWqzfE4WfI0e33keKa9c02AShV1KTW3A8wq/pubhtml/sheet?headers=false&gid=1882334994,Kustwacht/KNRM/Reddingsbrigade:2:1:341,
SMZ,Reddingsbrigade Sint Maartensdijk aan Zee (Zijpe),Kustwacht/KNRM/Reddingsbrigade,,tomzulu_abbreviations,https://docs.google.com/spreadsheets/d/e/2PACX-1vQEUdOx_hCvNSkygQpbcwzWVBxQnXrsBoDD8raIOipSGhWqzfE4WfI0e33keKa9c02AShV1KTW3A8wq/pubhtml/sheet?headers=false&gid=1882334994,Kustwacht/KNRM/Reddingsbrigade:2:1:342,
SOO,KNRM station Schiermonnikoog (Noordzee & Waddenzee),Kustwacht/KNRM/Reddingsbrigade,,tomzulu_abbreviations,https://docs.google.com/spreadsheets/d/e/2PACX-1vQEUdOx_hCvNSkygQpbcwzWVBxQnXrsBoDD8raIOipSGhWqzfE4WfI0e33keKa9c02AShV1KTW3A8wq/pubhtml/sheet?headers=false&gid=1882334994,Kustwacht/KNRM/Reddingsbrigade:2:1:343,
SOO1,KNRM station Schiermonnikoog Reddingboot Koning Willem I,Kustwacht/KNRM/Reddingsbrigade,,tomzulu_abbreviations,https://docs.google.com/spreadsheets/d/e/2PACX-1vQEUdOx_hCvNSkygQpbcwzWVBxQnXrsBoDD8raIOipSGhWqzfE4WfI0e33keKa9c02AShV1KTW3A8wq/pubhtml/sheet?headers=false&gid=1882334994,Kustwacht/KNRM/Reddingsbrigade:2:1:344,
SOO2,KNRM station Schiermonnikoog Reddingboot Edzard Jacob,Kustwacht/KNRM/Reddingsbrigade,,tomzulu_abbreviations,https://docs.google.com/spreadsheets/d/e/2PACX-1vQEUdOx_hCvNSkygQpbcwzWVBxQnXrsBoDD8raIOipSGhWqzfE4WfI0e33keKa9c02AShV1KTW3A8wq/pubhtml/sheet?headers=false&gid=1882334994,Kustwacht/KNRM/Reddingsbrigade:2:1:345,
SRL,Reddingsbrigade Schoorl,Kustwacht/KNRM/Reddingsbrigade,,tomzulu_abbreviations,https://docs.google.com/spreadsheets/d/e/2PACX-1vQEUdOx_hCvNSkygQpbcwzWVBxQnXrsBoDD8raIOipSGhWqzfE4WfI0e33keKa9c02AShV1KTW3A8wq/pubhtml/sheet?headers=false&gid=1882334994,Kustwacht/KNRM/Reddingsbrigade:2:1:346,
SRL110,Reddingsbrigade Schoorl strandvoertuig,Kustwacht/KNRM/Reddingsbrigade,,tomzulu_abbreviations,https://docs.google.com/spreadsheets/d/e/2PACX-1vQEUdOx_hCvNSkygQpbcwzWVBxQnXrsBoDD8raIOipSGhWqzfE4WfI0e33keKa9c02AShV1KTW3A8wq/pubhtml/sheet?headers=false&gid=1882334994,Kustwacht/KNRM/Reddingsbrigade:2:1:347,
STE,KNRM station Stellendam (Noordzeekust & Haringvliet),Kustwacht/KNRM/Reddingsbrigade,,tomzulu_abbreviations,https://docs.google.com/spreadsheets/d/e/2PACX-1vQEUdOx_hCvNSkygQpbcwzWVBxQnXrsBoDD8raIOipSGhWqzfE4WfI0e33keKa9c02AShV1KTW3A8wq/pubhtml/sheet?headers=false&gid=1882334994,Kustwacht/KNRM/Reddingsbrigade:2:1:348,
STEbi,KNRM station Stellendam Reddingboot Neeltje Struijs,Kustwacht/KNRM/Reddingsbrigade,,tomzulu_abbreviations,https://docs.google.com/spreadsheets/d/e/2PACX-1vQEUdOx_hCvNSkygQpbcwzWVBxQnXrsBoDD8raIOipSGhWqzfE4WfI0e33keKa9c02AShV1KTW3A8wq/pubhtml/sheet?headers=false&gid=1882334994,Kustwacht/KNRM/Reddingsbrigade:2:1:349,
STEbu,KNRM station Stellendam Reddingboot Antoinette,Kustwacht/KNRM/Reddingsbrigade,,tomzulu_abbreviations,https://docs.google.com/spreadsheets/d/e/2PACX-1vQEUdOx_hCvNSkygQpbcwzWVBxQnXrsBoDD8raIOipSGhWqzfE4WfI0e33keKa9c02AShV1KTW3A8wq/pubhtml/sheet?headers=false&gid=1882334994,Kustwacht/KNRM/Reddingsbrigade:2:1:350,
STH,Reddingsbrigade Staphorst,Kustwacht/KNRM/Reddingsbrigade,,tomzulu_abbreviations,https://docs.google.com/spreadsheets/d/e/2PACX-1vQEUdOx_hCvNSkygQpbcwzWVBxQnXrsBoDD8raIOipSGhWqzfE4WfI0e33keKa9c02AShV1KTW3A8wq/pubhtml/sheet?headers=false&gid=1882334994,Kustwacht/KNRM/Reddingsbrigade:2:1:351,
STZ,Reddingsbrigade Sint Maartensdijk,Kustwacht/KNRM/Reddingsbrigade,,tomzulu_abbreviations,https://docs.google.com/spreadsheets/d/e/2PACX-1vQEUdOx_hCvNSkygQpbcwzWVBxQnXrsBoDD8raIOipSGhWqzfE4WfI0e33keKa9c02AShV1KTW3A8wq/pubhtml/sheet?headers=false&gid=1882334994,Kustwacht/KNRM/Reddingsbrigade:2:1:352,
SVD,schipper van dienst,Kustwacht/KNRM/Reddingsbrigade,,tomzulu_abbreviations,https://docs.google.com/spreadsheets/d/e/2PACX-1vQEUdOx_hCvNSkygQpbcwzWVBxQnXrsBoDD8raIOipSGhWqzfE4WfI0e33keKa9c02AShV1KTW3A8wq/pubhtml/sheet?headers=false&gid=1882334994,Kustwacht/KNRM/Reddingsbrigade:2:1:353,
TEH,KNRM station Ter Heijde (Noordzeekust),Kustwacht/KNRM/Reddingsbrigade,,tomzulu_abbreviations,https://docs.google.com/spreadsheets/d/e/2PACX-1vQEUdOx_hCvNSkygQpbcwzWVBxQnXrsBoDD8raIOipSGhWqzfE4WfI0e33keKa9c02AShV1KTW3A8wq/pubhtml/sheet?headers=false&gid=1882334994,Kustwacht/KNRM/Reddingsbrigade:2:1:357,
TEH,KNRM station Ter Heijde George Dijkstra,Kustwacht/KNRM/Reddingsbrigade,,tomzulu_abbreviations,https://docs.google.com/spreadsheets/d/e/2PACX-1vQEUdOx_hCvNSkygQpbcwzWVBxQnXrsBoDD8raIOipSGhWqzfE4WfI0e33keKa9c02AShV1KTW3A8wq/pubhtml/sheet?headers=false&gid=1882334994,Kustwacht/KNRM/Reddingsbrigade:2:1:358,
TEHkhv,KNRM station Ter Heijde Kusthulpverleningsvoertuig,Kustwacht/KNRM/Reddingsbrigade,,tomzulu_abbreviations,https://docs.google.com/spreadsheets/d/e/2PACX-1vQEUdOx_hCvNSkygQpbcwzWVBxQnXrsBoDD8raIOipSGhWqzfE4WfI0e33keKa9c02AShV1KTW3A8wq/pubhtml/sheet?headers=false&gid=1882334994,Kustwacht/KNRM/Reddingsbrigade:2:1:359,
TGL,Reddingsbrigade Tegelen,Kustwacht/KNRM/Reddingsbrigade,,tomzulu_abbreviations,https://docs.google.com/spreadsheets/d/e/2PACX-1vQEUdOx_hCvNSkygQpbcwzWVBxQnXrsBoDD8raIOipSGhWqzfE4WfI0e33keKa9c02AShV1KTW3A8wq/pubhtml/sheet?headers=false&gid=1882334994,Kustwacht/KNRM/Reddingsbrigade:2:1:360,
THOR,Reddingsbrigade Hellevoetsluis,Kustwacht/KNRM/Reddingsbrigade,,tomzulu_abbreviations,https://docs.google.com/spreadsheets/d/e/2PACX-1vQEUdOx_hCvNSkygQpbcwzWVBxQnXrsBoDD8raIOipSGhWqzfE4WfI0e33keKa9c02AShV1KTW3A8wq/pubhtml/sheet?headers=false&gid=1882334994,Kustwacht/KNRM/Reddingsbrigade:2:1:361,
TIE,Reddingsbrigade Tiel,Kustwacht/KNRM/Reddingsbrigade,,tomzulu_abbreviations,https://docs.google.com/spreadsheets/d/e/2PACX-1vQEUdOx_hCvNSkygQpbcwzWVBxQnXrsBoDD8raIOipSGhWqzfE4WfI0e33keKa9c02AShV1KTW3A8wq/pubhtml/sheet?headers=false&gid=1882334994,Kustwacht/KNRM/Reddingsbrigade:2:1:362,
TORBAY,Reddingsbrigade Hellevoetsluis Reddingboot Torbay,Kustwacht/KNRM/Reddingsbrigade,,tomzulu_abbreviations,https://docs.google.com/spreadsheets/d/e/2PACX-1vQEUdOx_hCvNSkygQpbcwzWVBxQnXrsBoDD8raIOipSGhWqzfE4WfI0e33keKa9c02AShV1KTW3A8wq/pubhtml/sheet?headers=false&gid=1882334994,Kustwacht/KNRM/Reddingsbrigade:2:1:363,
TORNADO,Post Worksboats Urk,Kustwacht/KNRM/Reddingsbrigade,,tomzulu_abbreviations,https://docs.google.com/spreadsheets/d/e/2PACX-1vQEUdOx_hCvNSkygQpbcwzWVBxQnXrsBoDD8raIOipSGhWqzfE4WfI0e33keKa9c02AShV1KTW3A8wq/pubhtml/sheet?headers=false&gid=1882334994,Kustwacht/KNRM/Reddingsbrigade:2:1:364,
TSC,KNRM station West Terschelling (Noorzee & Waddenzee,Kustwacht/KNRM/Reddingsbrigade,,tomzulu_abbreviations,https://docs.google.com/spreadsheets/d/e/2PACX-1vQEUdOx_hCvNSkygQpbcwzWVBxQnXrsBoDD8raIOipSGhWqzfE4WfI0e33keKa9c02AShV1KTW3A8wq/pubhtml/sheet?headers=false&gid=1882334994,Kustwacht/KNRM/Reddingsbrigade:2:1:365,
TSC,KNRM station West Terschelling Reddingboot Arie Visser,Kustwacht/KNRM/Reddingsbrigade,,tomzulu_abbreviations,https://docs.google.com/spreadsheets/d/e/2PACX-1vQEUdOx_hCvNSkygQpbcwzWVBxQnXrsBoDD8raIOipSGhWqzfE4WfI0e33keKa9c02AShV1KTW3A8wq/pubhtml/sheet?headers=false&gid=1882334994,Kustwacht/KNRM/Reddingsbrigade:2:1:366,
TSCspr,KNRM station West Terschelling Schipper,Kustwacht/KNRM/Reddingsbrigade,,tomzulu_abbreviations,https://docs.google.com/spreadsheets/d/e/2PACX-1vQEUdOx_hCvNSkygQpbcwzWVBxQnXrsBoDD8raIOipSGhWqzfE4WfI0e33keKa9c02AShV1KTW3A8wq/pubhtml/sheet?headers=false&gid=1882334994,Kustwacht/KNRM/Reddingsbrigade:2:1:367,
TSP,KNRM station Terschelling Paal 8 (Noordzee & Waddenzee),Kustwacht/KNRM/Reddingsbrigade,,tomzulu_abbreviations,https://docs.google.com/spreadsheets/d/e/2PACX-1vQEUdOx_hCvNSkygQpbcwzWVBxQnXrsBoDD8raIOipSGhWqzfE4WfI0e33keKa9c02AShV1KTW3A8wq/pubhtml/sheet?headers=false&gid=1882334994,Kustwacht/KNRM/Reddingsbrigade:2:1:368,
TSP1,KNRM station Terschelling Paal 8 Reddingboot Frans Hogewind,Kustwacht/KNRM/Reddingsbrigade,,tomzulu_abbreviations,https://docs.google.com/spreadsheets/d/e/2PACX-1vQEUdOx_hCvNSkygQpbcwzWVBxQnXrsBoDD8raIOipSGhWqzfE4WfI0e33keKa9c02AShV1KTW3A8wq/pubhtml/sheet?headers=false&gid=1882334994,Kustwacht/KNRM/Reddingsbrigade:2:1:369,
TSP2,KNRM station Terschelling Paal 8 Reddingboot Tonijn,Kustwacht/KNRM/Reddingsbrigade,,tomzulu_abbreviations,https://docs.google.com/spreadsheets/d/e/2PACX-1vQEUdOx_hCvNSkygQpbcwzWVBxQnXrsBoDD8raIOipSGhWqzfE4WfI0e33keKa9c02AShV1KTW3A8wq/pubhtml/sheet?headers=false&gid=1882334994,Kustwacht/KNRM/Reddingsbrigade:2:1:370,
TSPlgd,KNRM station Terschelling Paal 8 Lifeguard,Kustwacht/KNRM/Reddingsbrigade,,tomzulu_abbreviations,https://docs.google.com/spreadsheets/d/e/2PACX-1vQEUdOx_hCvNSkygQpbcwzWVBxQnXrsBoDD8raIOipSGhWqzfE4WfI0e33keKa9c02AShV1KTW3A8wq/pubhtml/sheet?headers=false&gid=1882334994,Kustwacht/KNRM/Reddingsbrigade:2:1:371,
TXC,KNRM station Texel De Cocksdorp (Noordzee & Waddenzee),Kustwacht/KNRM/Reddingsbrigade,,tomzulu_abbreviations,https://docs.google.com/spreadsheets/d/e/2PACX-1vQEUdOx_hCvNSkygQpbcwzWVBxQnXrsBoDD8raIOipSGhWqzfE4WfI0e33keKa9c02AShV1KTW3A8wq/pubhtml/sheet?headers=false&gid=1882334994,Kustwacht/KNRM/Reddingsbrigade:2:1:372,
TXC,KNRM station Texel De Cocksdorp Reddingboot Alies en Evert Floor,Kustwacht/KNRM/Reddingsbrigade,,tomzulu_abbreviations,https://docs.google.com/spreadsheets/d/e/2PACX-1vQEUdOx_hCvNSkygQpbcwzWVBxQnXrsBoDD8raIOipSGhWqzfE4WfI0e33keKa9c02AShV1KTW3A8wq/pubhtml/sheet?headers=false&gid=1882334994,Kustwacht/KNRM/Reddingsbrigade:2:1:373,
TXK,KNRM station Texel De Koog (Noordzee & Waddenzee),Kustwacht/KNRM/Reddingsbrigade,,tomzulu_abbreviations,https://docs.google.com/spreadsheets/d/e/2PACX-1vQEUdOx_hCvNSkygQpbcwzWVBxQnXrsBoDD8raIOipSGhWqzfE4WfI0e33keKa9c02AShV1KTW3A8wq/pubhtml/sheet?headers=false&gid=1882334994,Kustwacht/KNRM/Reddingsbrigade:2:1:374,
TXK,KNRM station Texel De Koog Reddingboot Zalm,Kustwacht/KNRM/Reddingsbrigade,,tomzulu_abbreviations,https://docs.google.com/spreadsheets/d/e/2PACX-1vQEUdOx_hCvNSkygQpbcwzWVBxQnXrsBoDD8raIOipSGhWqzfE4WfI0e33keKa9c02AShV1KTW3A8wq/pubhtml/sheet?headers=false&gid=1882334994,Kustwacht/KNRM/Reddingsbrigade:2:1:375,
TXL,Reddingsbrigade Texel,Kustwacht/KNRM/Reddingsbrigade,,tomzulu_abbreviations,https://docs.google.com/spreadsheets/d/e/2PACX-1vQEUdOx_hCvNSkygQpbcwzWVBxQnXrsBoDD8raIOipSGhWqzfE4WfI0e33keKa9c02AShV1KTW3A8wq/pubhtml/sheet?headers=false&gid=1882334994,Kustwacht/KNRM/Reddingsbrigade:2:1:376,
TXO,KNRM station Texel Oudeschild (Noordzee & Waddenzee),Kustwacht/KNRM/Reddingsbrigade,,tomzulu_abbreviations,https://docs.google.com/spreadsheets/d/e/2PACX-1vQEUdOx_hCvNSkygQpbcwzWVBxQnXrsBoDD8raIOipSGhWqzfE4WfI0e33keKa9c02AShV1KTW3A8wq/pubhtml/sheet?headers=false&gid=1882334994,Kustwacht/KNRM/Reddingsbrigade:2:1:377,
TXO,KNRM station Texel Oudeschild Reddingboot Cornelis Dito,Kustwacht/KNRM/Reddingsbrigade,,tomzulu_abbreviations,https://docs.google.com/spreadsheets/d/e/2PACX-1vQEUdOx_hCvNSkygQpbcwzWVBxQnXrsBoDD8raIOipSGhWqzfE4WfI0e33keKa9c02AShV1KTW3A8wq/pubhtml/sheet?headers=false&gid=1882334994,Kustwacht/KNRM/Reddingsbrigade:2:1:378,
UDN,Reddingsbrigade Uden,Kustwacht/KNRM/Reddingsbrigade,,tomzulu_abbreviations,https://docs.google.com/spreadsheets/d/e/2PACX-1vQEUdOx_hCvNSkygQpbcwzWVBxQnXrsBoDD8raIOipSGhWqzfE4WfI0e33keKa9c02AShV1KTW3A8wq/pubhtml/sheet?headers=false&gid=1882334994,Kustwacht/KNRM/Reddingsbrigade:2:1:380,
URK,KNRM station Urk (Ketelmeer & IJsselmeer),Kustwacht/KNRM/Reddingsbrigade,,tomzulu_abbreviations,https://docs.google.com/spreadsheets/d/e/2PACX-1vQEUdOx_hCvNSkygQpbcwzWVBxQnXrsBoDD8raIOipSGhWqzfE4WfI0e33keKa9c02AShV1KTW3A8wq/pubhtml/sheet?headers=false&gid=1882334994,Kustwacht/KNRM/Reddingsbrigade:2:1:381,
URK1,KNRM station Urk Reddingboot Kapiteins Hazewinkel,Kustwacht/KNRM/Reddingsbrigade,,tomzulu_abbreviations,https://docs.google.com/spreadsheets/d/e/2PACX-1vQEUdOx_hCvNSkygQpbcwzWVBxQnXrsBoDD8raIOipSGhWqzfE4WfI0e33keKa9c02AShV1KTW3A8wq/pubhtml/sheet?headers=false&gid=1882334994,Kustwacht/KNRM/Reddingsbrigade:2:1:382,
URK2,KNRM station Urk Reddingboot Willemtje,Kustwacht/KNRM/Reddingsbrigade,,tomzulu_abbreviations,https://docs.google.com/spreadsheets/d/e/2PACX-1vQEUdOx_hCvNSkygQpbcwzWVBxQnXrsBoDD8raIOipSGhWqzfE4WfI0e33keKa9c02AShV1KTW3A8wq/pubhtml/sheet?headers=false&gid=1882334994,Kustwacht/KNRM/Reddingsbrigade:2:1:383,
UTR,Reddingsbrigade Utrecht,Kustwacht/KNRM/Reddingsbrigade,,tomzulu_abbreviations,https://docs.google.com/spreadsheets/d/e/2PACX-1vQEUdOx_hCvNSkygQpbcwzWVBxQnXrsBoDD8raIOipSGhWqzfE4WfI0e33keKa9c02AShV1KTW3A8wq/pubhtml/sheet?headers=false&gid=1882334994,Kustwacht/KNRM/Reddingsbrigade:2:1:384,
VAREND,Visarend Rijksrederij Den Helder (Kustwacht),Kustwacht/KNRM/Reddingsbrigade,,tomzulu_abbreviations,https://docs.google.com/spreadsheets/d/e/2PACX-1vQEUdOx_hCvNSkygQpbcwzWVBxQnXrsBoDD8raIOipSGhWqzfE4WfI0e33keKa9c02AShV1KTW3A8wq/pubhtml/sheet?headers=false&gid=1882334994,Kustwacht/KNRM/Reddingsbrigade:2:1:387,
VEE,KNRM station Veere (Veerse Meer),Kustwacht/KNRM/Reddingsbrigade,,tomzulu_abbreviations,https://docs.google.com/spreadsheets/d/e/2PACX-1vQEUdOx_hCvNSkygQpbcwzWVBxQnXrsBoDD8raIOipSGhWqzfE4WfI0e33keKa9c02AShV1KTW3A8wq/pubhtml/sheet?headers=false&gid=1882334994,Kustwacht/KNRM/Reddingsbrigade:2:1:388,
VEE,KNRM station Veere Reddingboot Oranje,Kustwacht/KNRM/Reddingsbrigade,,tomzulu_abbreviations,https://docs.google.com/spreadsheets/d/e/2PACX-1vQEUdOx_hCvNSkygQpbcwzWVBxQnXrsBoDD8raIOipSGhWqzfE4WfI0e33keKa9c02AShV1KTW3A8wq/pubhtml/sheet?headers=false&gid=1882334994,Kustwacht/KNRM/Reddingsbrigade:2:1:389,
VISARE,Visarend Rijksrederij Den Helder (Kustwacht),Kustwacht/KNRM/Reddingsbrigade,,tomzulu_abbreviations,https://docs.google.com/spreadsheets/d/e/2PACX-1vQEUdOx_hCvNSkygQpbcwzWVBxQnXrsBoDD8raIOipSGhWqzfE4WfI0e33keKa9c02AShV1KTW3A8wq/pubhtml/sheet?headers=false&gid=1882334994,Kustwacht/KNRM/Reddingsbrigade:2:1:390,
VLD,Reddingsbrigade Vlaardingen,Kustwacht/KNRM/Reddingsbrigade,,tomzulu_abbreviations,https://docs.google.com/spreadsheets/d/e/2PACX-1vQEUdOx_hCvNSkygQpbcwzWVBxQnXrsBoDD8raIOipSGhWqzfE4WfI0e33keKa9c02AShV1KTW3A8wq/pubhtml/sheet?headers=false&gid=1882334994,Kustwacht/KNRM/Reddingsbrigade:2:1:391,
VLI,KNRM station Vlieland (Noordzee & Waddenzee),Kustwacht/KNRM/Reddingsbrigade,,tomzulu_abbreviations,https://docs.google.com/spreadsheets/d/e/2PACX-1vQEUdOx_hCvNSkygQpbcwzWVBxQnXrsBoDD8raIOipSGhWqzfE4WfI0e33keKa9c02AShV1KTW3A8wq/pubhtml/sheet?headers=false&gid=1882334994,Kustwacht/KNRM/Reddingsbrigade:2:1:392,
VLI1,KNRM station Vlieland Reddingboot Graaf van Bylandt,Kustwacht/KNRM/Reddingsbrigade,,tomzulu_abbreviations,https://docs.google.com/spreadsheets/d/e/2PACX-1vQEUdOx_hCvNSkygQpbcwzWVBxQnXrsBoDD8raIOipSGhWqzfE4WfI0e33keKa9c02AShV1KTW3A8wq/pubhtml/sheet?headers=false&gid=1882334994,Kustwacht/KNRM/Reddingsbrigade:2:1:393,
VLI2,KNRM station Vlieland Reddingboot Huibert Dijkstra,Kustwacht/KNRM/Reddingsbrigade,,tomzulu_abbreviations,https://docs.google.com/spreadsheets/d/e/2PACX-1vQEUdOx_hCvNSkygQpbcwzWVBxQnXrsBoDD8raIOipSGhWqzfE4WfI0e33keKa9c02AShV1KTW3A8wq/pubhtml/sheet?headers=false&gid=1882334994,Kustwacht/KNRM/Reddingsbrigade:2:1:394,
VLIkhv,KNRM station Vlieland Kusthulpverleningsvoertuig,Kustwacht/KNRM/Reddingsbrigade,,tomzulu_abbreviations,https://docs.google.com/spreadsheets/d/e/2PACX-1vQEUdOx_hCvNSkygQpbcwzWVBxQnXrsBoDD8raIOipSGhWqzfE4WfI0e33keKa9c02AShV1KTW3A8wq/pubhtml/sheet?headers=false&gid=1882334994,Kustwacht/KNRM/Reddingsbrigade:2:1:395,
VLIspr,KNRM station Vlieland Schipper,Kustwacht/KNRM/Reddingsbrigade,,tomzulu_abbreviations,https://docs.google.com/spreadsheets/d/e/2PACX-1vQEUdOx_hCvNSkygQpbcwzWVBxQnXrsBoDD8raIOipSGhWqzfE4WfI0e33keKa9c02AShV1KTW3A8wq/pubhtml/sheet?headers=false&gid=1882334994,Kustwacht/KNRM/Reddingsbrigade:2:1:396,
VLO,Reddingsbrigade Venlo,Kustwacht/KNRM/Reddingsbrigade,,tomzulu_abbreviations,https://docs.google.com/spreadsheets/d/e/2PACX-1vQEUdOx_hCvNSkygQpbcwzWVBxQnXrsBoDD8raIOipSGhWqzfE4WfI0e33keKa9c02AShV1KTW3A8wq/pubhtml/sheet?headers=false&gid=1882334994,Kustwacht/KNRM/Reddingsbrigade:2:1:397,
VSNrba,Reddingsbrigade Vlissingen Alarmploeg,Kustwacht/KNRM/Reddingsbrigade,,tomzulu_abbreviations,https://docs.google.com/spreadsheets/d/e/2PACX-1vQEUdOx_hCvNSkygQpbcwzWVBxQnXrsBoDD8raIOipSGhWqzfE4WfI0e33keKa9c02AShV1KTW3A8wq/pubhtml/sheet?headers=false&gid=1882334994,Kustwacht/KNRM/Reddingsbrigade:2:1:398,
VSNrbs,Reddingsbrigade Vlissingen Strandploeg,Kustwacht/KNRM/Reddingsbrigade,,tomzulu_abbreviations,https://docs.google.com/spreadsheets/d/e/2PACX-1vQEUdOx_hCvNSkygQpbcwzWVBxQnXrsBoDD8raIOipSGhWqzfE4WfI0e33keKa9c02AShV1KTW3A8wq/pubhtml/sheet?headers=false&gid=1882334994,Kustwacht/KNRM/Reddingsbrigade:2:1:399,
VVN,Reddingsbrigade Vinkenveen,Kustwacht/KNRM/Reddingsbrigade,,tomzulu_abbreviations,https://docs.google.com/spreadsheets/d/e/2PACX-1vQEUdOx_hCvNSkygQpbcwzWVBxQnXrsBoDD8raIOipSGhWqzfE4WfI0e33keKa9c02AShV1KTW3A8wq/pubhtml/sheet?headers=false&gid=1882334994,Kustwacht/KNRM/Reddingsbrigade:2:1:400,
VWP,Reddingsbrigade Vrouwenpolder,Kustwacht/KNRM/Reddingsbrigade,,tomzulu_abbreviations,https://docs.google.com/spreadsheets/d/e/2PACX-1vQEUdOx_hCvNSkygQpbcwzWVBxQnXrsBoDD8raIOipSGhWqzfE4WfI0e33keKa9c02AShV1KTW3A8wq/pubhtml/sheet?headers=false&gid=1882334994,Kustwacht/KNRM/Reddingsbrigade:2:1:401,
WAZ,KNRM station Wijk aan Zee (Noordzeekust),Kustwacht/KNRM/Reddingsbrigade,,tomzulu_abbreviations,https://docs.google.com/spreadsheets/d/e/2PACX-1vQEUdOx_hCvNSkygQpbcwzWVBxQnXrsBoDD8raIOipSGhWqzfE4WfI0e33keKa9c02AShV1KTW3A8wq/pubhtml/sheet?headers=false&gid=1882334994,Kustwacht/KNRM/Reddingsbrigade:2:1:403,
WAZ,KNRM station Wijk aan Zee Reddingboot Donateur,Kustwacht/KNRM/Reddingsbrigade,,tomzulu_abbreviations,https://docs.google.com/spreadsheets/d/e/2PACX-1vQEUdOx_hCvNSkygQpbcwzWVBxQnXrsBoDD8raIOipSGhWqzfE4WfI0e33keKa9c02AShV1KTW3A8wq/pubhtml/sheet?headers=false&gid=1882334994,Kustwacht/KNRM/Reddingsbrigade:2:1:404,
WAZ418,Reddingsbrigade Wijk aan Zee Bondsreddingsvlet,Kustwacht/KNRM/Reddingsbrigade,,tomzulu_abbreviations,https://docs.google.com/spreadsheets/d/e/2PACX-1vQEUdOx_hCvNSkygQpbcwzWVBxQnXrsBoDD8raIOipSGhWqzfE4WfI0e33keKa9c02AShV1KTW3A8wq/pubhtml/sheet?headers=false&gid=1882334994,Kustwacht/KNRM/Reddingsbrigade:2:1:407,
WAZ419,Reddingsbrigade Wijk aan Zee Novurania 430,Kustwacht/KNRM/Reddingsbrigade,,tomzulu_abbreviations,https://docs.google.com/spreadsheets/d/e/2PACX-1vQEUdOx_hCvNSkygQpbcwzWVBxQnXrsBoDD8raIOipSGhWqzfE4WfI0e33keKa9c02AShV1KTW3A8wq/pubhtml/sheet?headers=false&gid=1882334994,Kustwacht/KNRM/Reddingsbrigade:2:1:408,
WAZ420,Reddingsbrigade Wijk aan Zee John Deere Gator Diesel,Kustwacht/KNRM/Reddingsbrigade,,tomzulu_abbreviations,https://docs.google.com/spreadsheets/d/e/2PACX-1vQEUdOx_hCvNSkygQpbcwzWVBxQnXrsBoDD8raIOipSGhWqzfE4WfI0e33keKa9c02AShV1KTW3A8wq/pubhtml/sheet?headers=false&gid=1882334994,Kustwacht/KNRM/Reddingsbrigade:2:1:409,
WAZ429,Reddingsbrigade Wijk aan Zee Novurania 430,Kustwacht/KNRM/Reddingsbrigade,,tomzulu_abbreviations,https://docs.google.com/spreadsheets/d/e/2PACX-1vQEUdOx_hCvNSkygQpbcwzWVBxQnXrsBoDD8raIOipSGhWqzfE4WfI0e33keKa9c02AShV1KTW3A8wq/pubhtml/sheet?headers=false&gid=1882334994,Kustwacht/KNRM/Reddingsbrigade:2:1:410,
WAZkhv,KNRM station Wijk aan Zee Kusthulpverleningsvoertuig,Kustwacht/KNRM/Reddingsbrigade,,tomzulu_abbreviations,https://docs.google.com/spreadsheets/d/e/2PACX-1vQEUdOx_hCvNSkygQpbcwzWVBxQnXrsBoDD8raIOipSGhWqzfE4WfI0e33keKa9c02AShV1KTW3A8wq/pubhtml/sheet?headers=false&gid=1882334994,Kustwacht/KNRM/Reddingsbrigade:2:1:411,
WAZrba,Reddingsbrigade Wijk aan Zee Alarmploeg,Kustwacht/KNRM/Reddingsbrigade,,tomzulu_abbreviations,https://docs.google.com/spreadsheets/d/e/2PACX-1vQEUdOx_hCvNSkygQpbcwzWVBxQnXrsBoDD8raIOipSGhWqzfE4WfI0e33keKa9c02AShV1KTW3A8wq/pubhtml/sheet?headers=false&gid=1882334994,Kustwacht/KNRM/Reddingsbrigade:2:1:405,
WAZrbs,Reddingsbrigade Wijk aan Zee Strandploeg,Kustwacht/KNRM/Reddingsbrigade,,tomzulu_abbreviations,https://docs.google.com/spreadsheets/d/e/2PACX-1vQEUdOx_hCvNSkygQpbcwzWVBxQnXrsBoDD8raIOipSGhWqzfE4WfI0e33keKa9c02AShV1KTW3A8wq/pubhtml/sheet?headers=false&gid=1882334994,Kustwacht/KNRM/Reddingsbrigade:2:1:406,
WDS,KNRM Gelieerd reddingstation Wijdenes (Markermeer),Kustwacht/KNRM/Reddingsbrigade,,tomzulu_abbreviations,https://docs.google.com/spreadsheets/d/e/2PACX-1vQEUdOx_hCvNSkygQpbcwzWVBxQnXrsBoDD8raIOipSGhWqzfE4WfI0e33keKa9c02AShV1KTW3A8wq/pubhtml/sheet?headers=false&gid=1882334994,Kustwacht/KNRM/Reddingsbrigade:2:1:412,
WDS1,KNRM Gelieerd reddingstation Wijdenes Reddingboot Mantelmeeuw,Kustwacht/KNRM/Reddingsbrigade,,tomzulu_abbreviations,https://docs.google.com/spreadsheets/d/e/2PACX-1vQEUdOx_hCvNSkygQpbcwzWVBxQnXrsBoDD8raIOipSGhWqzfE4WfI0e33keKa9c02AShV1KTW3A8wq/pubhtml/sheet?headers=false&gid=1882334994,Kustwacht/KNRM/Reddingsbrigade:2:1:413,
WDS2,KNRM Gelieerd reddingstation Wijdenes Reddingboot De Gooier,Kustwacht/KNRM/Reddingsbrigade,,tomzulu_abbreviations,https://docs.google.com/spreadsheets/d/e/2PACX-1vQEUdOx_hCvNSkygQpbcwzWVBxQnXrsBoDD8raIOipSGhWqzfE4WfI0e33keKa9c02AShV1KTW3A8wq/pubhtml/sheet?headers=false&gid=1882334994,Kustwacht/KNRM/Reddingsbrigade:2:1:414,
WDV,Reddingsbrigade Waddinxveen,Kustwacht/KNRM/Reddingsbrigade,,tomzulu_abbreviations,https://docs.google.com/spreadsheets/d/e/2PACX-1vQEUdOx_hCvNSkygQpbcwzWVBxQnXrsBoDD8raIOipSGhWqzfE4WfI0e33keKa9c02AShV1KTW3A8wq/pubhtml/sheet?headers=false&gid=1882334994,Kustwacht/KNRM/Reddingsbrigade:2:1:415,
WEK,KNRM station Westkapelle (Noordzeekust),Kustwacht/KNRM/Reddingsbrigade,,tomzulu_abbreviations,https://docs.google.com/spreadsheets/d/e/2PACX-1vQEUdOx_hCvNSkygQpbcwzWVBxQnXrsBoDD8raIOipSGhWqzfE4WfI0e33keKa9c02AShV1KTW3A8wq/pubhtml/sheet?headers=false&gid=1882334994,Kustwacht/KNRM/Reddingsbrigade:2:1:416,
WEK,KNRM station Westkapelle Reddingboot Uly,Kustwacht/KNRM/Reddingsbrigade,,tomzulu_abbreviations,https://docs.google.com/spreadsheets/d/e/2PACX-1vQEUdOx_hCvNSkygQpbcwzWVBxQnXrsBoDD8raIOipSGhWqzfE4WfI0e33keKa9c02AShV1KTW3A8wq/pubhtml/sheet?headers=false&gid=1882334994,Kustwacht/KNRM/Reddingsbrigade:2:1:417,
WEKkhv,KNRM station Westkapelle Kusthulpverleningsvoertuig,Kustwacht/KNRM/Reddingsbrigade,,tomzulu_abbreviations,https://docs.google.com/spreadsheets/d/e/2PACX-1vQEUdOx_hCvNSkygQpbcwzWVBxQnXrsBoDD8raIOipSGhWqzfE4WfI0e33keKa9c02AShV1KTW3A8wq/pubhtml/sheet?headers=false&gid=1882334994,Kustwacht/KNRM/Reddingsbrigade:2:1:418,
WKZ,Reddingsbrigade Wijk aan Zee,Kustwacht/KNRM/Reddingsbrigade,,tomzulu_abbreviations,https://docs.google.com/spreadsheets/d/e/2PACX-1vQEUdOx_hCvNSkygQpbcwzWVBxQnXrsBoDD8raIOipSGhWqzfE4WfI0e33keKa9c02AShV1KTW3A8wq/pubhtml/sheet?headers=false&gid=1882334994,Kustwacht/KNRM/Reddingsbrigade:2:1:419,
WSC,Reddingsbrigade Westerschouwen,Kustwacht/KNRM/Reddingsbrigade,,tomzulu_abbreviations,https://docs.google.com/spreadsheets/d/e/2PACX-1vQEUdOx_hCvNSkygQpbcwzWVBxQnXrsBoDD8raIOipSGhWqzfE4WfI0e33keKa9c02AShV1KTW3A8wq/pubhtml/sheet?headers=false&gid=1882334994,Kustwacht/KNRM/Reddingsbrigade:2:1:420,
YMD,Reddingsbrigade IJmuiden,Kustwacht/KNRM/Reddingsbrigade,,tomzulu_abbreviations,https://docs.google.com/spreadsheets/d/e/2PACX-1vQEUdOx_hCvNSkygQpbcwzWVBxQnXrsBoDD8raIOipSGhWqzfE4WfI0e33keKa9c02AShV1KTW3A8wq/pubhtml/sheet?headers=false&gid=1882334994,Kustwacht/KNRM/Reddingsbrigade:2:1:422,
YMD311,Reddingsbrigade IJmuiden,Kustwacht/KNRM/Reddingsbrigade,,tomzulu_abbreviations,https://docs.google.com/spreadsheets/d/e/2PACX-1vQEUdOx_hCvNSkygQpbcwzWVBxQnXrsBoDD8raIOipSGhWqzfE4WfI0e33keKa9c02AShV1KTW3A8wq/pubhtml/sheet?headers=false&gid=1882334994,Kustwacht/KNRM/Reddingsbrigade:2:1:423,
YMD319,Reddingsbrigade IJmuiden Rescue II,Kustwacht/KNRM/Reddingsbrigade,,tomzulu_abbreviations,https://docs.google.com/spreadsheets/d/e/2PACX-1vQEUdOx_hCvNSkygQpbcwzWVBxQnXrsBoDD8raIOipSGhWqzfE4WfI0e33keKa9c02AShV1KTW3A8wq/pubhtml/sheet?headers=false&gid=1882334994,Kustwacht/KNRM/Reddingsbrigade:2:1:424,
YMD328,Reddingsbrigade IJmuiden SB-Cat,Kustwacht/KNRM/Reddingsbrigade,,tomzulu_abbreviations,https://docs.google.com/spreadsheets/d/e/2PACX-1vQEUdOx_hCvNSkygQpbcwzWVBxQnXrsBoDD8raIOipSGhWqzfE4WfI0e33keKa9c02AShV1KTW3A8wq/pubhtml/sheet?headers=false&gid=1882334994,Kustwacht/KNRM/Reddingsbrigade:2:1:425,
YMD329,Reddingsbrigade IJmuiden VSR 4.9,Kustwacht/KNRM/Reddingsbrigade,,tomzulu_abbreviations,https://docs.google.com/spreadsheets/d/e/2PACX-1vQEUdOx_hCvNSkygQpbcwzWVBxQnXrsBoDD8raIOipSGhWqzfE4WfI0e33keKa9c02AShV1KTW3A8wq/pubhtml/sheet?headers=false&gid=1882334994,Kustwacht/KNRM/Reddingsbrigade:2:1:426,
YMD338,Reddingsbrigade IJmuiden SB-Cat,Kustwacht/KNRM/Reddingsbrigade,,tomzulu_abbreviations,https://docs.google.com/spreadsheets/d/e/2PACX-1vQEUdOx_hCvNSkygQpbcwzWVBxQnXrsBoDD8raIOipSGhWqzfE4WfI0e33keKa9c02AShV1KTW3A8wq/pubhtml/sheet?headers=false&gid=1882334994,Kustwacht/KNRM/Reddingsbrigade:2:1:427,
YMD339,Reddingsbrigade IJmuiden,Kustwacht/KNRM/Reddingsbrigade,,tomzulu_abbreviations,https://docs.google.com/spreadsheets/d/e/2PACX-1vQEUdOx_hCvNSkygQpbcwzWVBxQnXrsBoDD8raIOipSGhWqzfE4WfI0e33keKa9c02AShV1KTW3A8wq/pubhtml/sheet?headers=false&gid=1882334994,Kustwacht/KNRM/Reddingsbrigade:2:1:428,
YMD348,Reddingsbrigade IJmuiden Bondsreddingsvlet,Kustwacht/KNRM/Reddingsbrigade,,tomzulu_abbreviations,https://docs.google.com/spreadsheets/d/e/2PACX-1vQEUdOx_hCvNSkygQpbcwzWVBxQnXrsBoDD8raIOipSGhWqzfE4WfI0e33keKa9c02AShV1KTW3A8wq/pubhtml/sheet?headers=false&gid=1882334994,Kustwacht/KNRM/Reddingsbrigade:2:1:429,
YSS,Reddingsbrigade IJsselstein,Kustwacht/KNRM/Reddingsbrigade,,tomzulu_abbreviations,https://docs.google.com/spreadsheets/d/e/2PACX-1vQEUdOx_hCvNSkygQpbcwzWVBxQnXrsBoDD8raIOipSGhWqzfE4WfI0e33keKa9c02AShV1KTW3A8wq/pubhtml/sheet?headers=false&gid=1882334994,Kustwacht/KNRM/Reddingsbrigade:2:1:430,
ZAREND,Zeearend = Rijksrederij Hoek van Holland (Kustwacht),Kustwacht/KNRM/Reddingsbrigade,,tomzulu_abbreviations,https://docs.google.com/spreadsheets/d/e/2PACX-1vQEUdOx_hCvNSkygQpbcwzWVBxQnXrsBoDD8raIOipSGhWqzfE4WfI0e33keKa9c02AShV1KTW3A8wq/pubhtml/sheet?headers=false&gid=1882334994,Kustwacht/KNRM/Reddingsbrigade:2:1:433,
ZEPHY,Zephyrus bergingsbedrijf van den Berge Stavenisse,Kustwacht/KNRM/Reddingsbrigade,,tomzulu_abbreviations,https://docs.google.com/spreadsheets/d/e/2PACX-1vQEUdOx_hCvNSkygQpbcwzWVBxQnXrsBoDD8raIOipSGhWqzfE4WfI0e33keKa9c02AShV1KTW3A8wq/pubhtml/sheet?headers=false&gid=1882334994,Kustwacht/KNRM/Reddingsbrigade:2:1:434,
ZKZ,Reddingsbrigade Zierikzee,Kustwacht/KNRM/Reddingsbrigade,,tomzulu_abbreviations,https://docs.google.com/spreadsheets/d/e/2PACX-1vQEUdOx_hCvNSkygQpbcwzWVBxQnXrsBoDD8raIOipSGhWqzfE4WfI0e33keKa9c02AShV1KTW3A8wq/pubhtml/sheet?headers=false&gid=1882334994,Kustwacht/KNRM/Reddingsbrigade:2:1:435,
ZSD,Reddingsbrigade Zaanstad,Kustwacht/KNRM/Reddingsbrigade,,tomzulu_abbreviations,https://docs.google.com/spreadsheets/d/e/2PACX-1vQEUdOx_hCvNSkygQpbcwzWVBxQnXrsBoDD8raIOipSGhWqzfE4WfI0e33keKa9c02AShV1KTW3A8wq/pubhtml/sheet?headers=false&gid=1882334994,Kustwacht/KNRM/Reddingsbrigade:2:1:436,
ZTM,Reddingsbrigade Zoetermeer,Kustwacht/KNRM/Reddingsbrigade,,tomzulu_abbreviations,https://docs.google.com/spreadsheets/d/e/2PACX-1vQEUdOx_hCvNSkygQpbcwzWVBxQnXrsBoDD8raIOipSGhWqzfE4WfI0e33keKa9c02AShV1KTW3A8wq/pubhtml/sheet?headers=false&gid=1882334994,Kustwacht/KNRM/Reddingsbrigade:2:1:437,
ZVG,KNRM Gelieerd reddingstation Zeevang (Markermeer),Kustwacht/KNRM/Reddingsbrigade,,tomzulu_abbreviations,https://docs.google.com/spreadsheets/d/e/2PACX-1vQEUdOx_hCvNSkygQpbcwzWVBxQnXrsBoDD8raIOipSGhWqzfE4WfI0e33keKa9c02AShV1KTW3A8wq/pubhtml/sheet?headers=false&gid=1882334994,Kustwacht/KNRM/Reddingsbrigade:2:1:438,
ZVG1,KNRM Gelieerd reddingstation Zeevang Reddingboot Simac,Kustwacht/KNRM/Reddingsbrigade,,tomzulu_abbreviations,https://docs.google.com/spreadsheets/d/e/2PACX-1vQEUdOx_hCvNSkygQpbcwzWVBxQnXrsBoDD8raIOipSGhWqzfE4WfI0e33keKa9c02AShV1KTW3A8wq/pubhtml/sheet?headers=false&gid=1882334994,Kustwacht/KNRM/Reddingsbrigade:2:1:439,
ZVG2,KNRM Gelieerd reddingstation Zeevang Reddingboot,Kustwacht/KNRM/Reddingsbrigade,,tomzulu_abbreviations,https://docs.google.com/spreadsheets/d/e/2PACX-1vQEUdOx_hCvNSkygQpbcwzWVBxQnXrsBoDD8raIOipSGhWqzfE4WfI0e33keKa9c02AShV1KTW3A8wq/pubhtml/sheet?headers=false&gid=1882334994,Kustwacht/KNRM/Reddingsbrigade:2:1:440,
ZVT,KNRM station Zandvoort (Noordzeekust),Kustwacht/KNRM/Reddingsbrigade,,tomzulu_abbreviations,https://docs.google.com/spreadsheets/d/e/2PACX-1vQEUdOx_hCvNSkygQpbcwzWVBxQnXrsBoDD8raIOipSGhWqzfE4WfI0e33keKa9c02AShV1KTW3A8wq/pubhtml/sheet?headers=false&gid=1882334994,Kustwacht/KNRM/Reddingsbrigade:2:1:441,
ZVT,KNRM station Zandvoort Reddingboot Annie Poulisse,Kustwacht/KNRM/Reddingsbrigade,,tomzulu_abbreviations,https://docs.google.com/spreadsheets/d/e/2PACX-1vQEUdOx_hCvNSkygQpbcwzWVBxQnXrsBoDD8raIOipSGhWqzfE4WfI0e33keKa9c02AShV1KTW3A8wq/pubhtml/sheet?headers=false&gid=1882334994,Kustwacht/KNRM/Reddingsbrigade:2:1:442,
ZVT111,Reddingsbrigade Zandvoort Strandvoertuig,Kustwacht/KNRM/Reddingsbrigade,,tomzulu_abbreviations,https://docs.google.com/spreadsheets/d/e/2PACX-1vQEUdOx_hCvNSkygQpbcwzWVBxQnXrsBoDD8raIOipSGhWqzfE4WfI0e33keKa9c02AShV1KTW3A8wq/pubhtml/sheet?headers=false&gid=1882334994,Kustwacht/KNRM/Reddingsbrigade:2:1:443,
ZVT118,Reddingsbrigade Zandvoort Reddingsvlet,Kustwacht/KNRM/Reddingsbrigade,,tomzulu_abbreviations,https://docs.google.com/spreadsheets/d/e/2PACX-1vQEUdOx_hCvNSkygQpbcwzWVBxQnXrsBoDD8raIOipSGhWqzfE4WfI0e33keKa9c02AShV1KTW3A8wq/pubhtml/sheet?headers=false&gid=1882334994,Kustwacht/KNRM/Reddingsbrigade:2:1:444,
ZVT119,Reddingsbrigade Zandvoort Duarry SR6,Kustwacht/KNRM/Reddingsbrigade,,tomzulu_abbreviations,https://docs.google.com/spreadsheets/d/e/2PACX-1vQEUdOx_hCvNSkygQpbcwzWVBxQnXrsBoDD8raIOipSGhWqzfE4WfI0e33keKa9c02AShV1KTW3A8wq/pubhtml/sheet?headers=false&gid=1882334994,Kustwacht/KNRM/Reddingsbrigade:2:1:445,
ZVT120,Reddingsbrigade Zandvoort Strandvoertuig,Kustwacht/KNRM/Reddingsbrigade,,tomzulu_abbreviations,https://docs.google.com/spreadsheets/d/e/2PACX-1vQEUdOx_hCvNSkygQpbcwzWVBxQnXrsBoDD8raIOipSGhWqzfE4WfI0e33keKa9c02AShV1KTW3A8wq/pubhtml/sheet?headers=false&gid=1882334994,Kustwacht/KNRM/Reddingsbrigade:2:1:446,
ZVT128,Reddingsbrigade Zandvoort Reddingsvlet,Kustwacht/KNRM/Reddingsbrigade,,tomzulu_abbreviations,https://docs.google.com/spreadsheets/d/e/2PACX-1vQEUdOx_hCvNSkygQpbcwzWVBxQnXrsBoDD8raIOipSGhWqzfE4WfI0e33keKa9c02AShV1KTW3A8wq/pubhtml/sheet?headers=false&gid=1882334994,Kustwacht/KNRM/Reddingsbrigade:2:1:447,
ZVT129,Reddingsbrigade Zandvoort Duarry SB8,Kustwacht/KNRM/Reddingsbrigade,,tomzulu_abbreviations,https://docs.google.com/spreadsheets/d/e/2PACX-1vQEUdOx_hCvNSkygQpbcwzWVBxQnXrsBoDD8raIOipSGhWqzfE4WfI0e33keKa9c02AShV1KTW3A8wq/pubhtml/sheet?headers=false&gid=1882334994,Kustwacht/KNRM/Reddingsbrigade:2:1:448,
ZVT139,Reddingsbrigade Zandvoort Duarry SB8,Kustwacht/KNRM/Reddingsbrigade,,tomzulu_abbreviations,https://docs.google.com/spreadsheets/d/e/2PACX-1vQEUdOx_hCvNSkygQpbcwzWVBxQnXrsBoDD8raIOipSGhWqzfE4WfI0e33keKa9c02AShV1KTW3A8wq/pubhtml/sheet?headers=false&gid=1882334994,Kustwacht/KNRM/Reddingsbrigade:2:1:449,
ZVT149,Reddingsbrigade Zandvoort Duarry SB6,Kustwacht/KNRM/Reddingsbrigade,,tomzulu_abbreviations,https://docs.google.com/spreadsheets/d/e/2PACX-1vQEUdOx_hCvNSkygQpbcwzWVBxQnXrsBoDD8raIOipSGhWqzfE4WfI0e33keKa9c02AShV1KTW3A8wq/pubhtml/sheet?headers=false&gid=1882334994,Kustwacht/KNRM/Reddingsbrigade:2:1:450,
ZVT159,Reddingsbrigade Zandvoort Duarry SB6,Kustwacht/KNRM/Reddingsbrigade,,tomzulu_abbreviations,https://docs.google.com/spreadsheets/d/e/2PACX-1vQEUdOx_hCvNSkygQpbcwzWVBxQnXrsBoDD8raIOipSGhWqzfE4WfI0e33keKa9c02AShV1KTW3A8wq/pubhtml/sheet?headers=false&gid=1882334994,Kustwacht/KNRM/Reddingsbrigade:2:1:451,
ZVT169,Reddingsbrigade Zandvoort Duarry SB8,Kustwacht/KNRM/Reddingsbrigade,,tomzulu_abbreviations,https://docs.google.com/spreadsheets/d/e/2PACX-1vQEUdOx_hCvNSkygQpbcwzWVBxQnXrsBoDD8raIOipSGhWqzfE4WfI0e33keKa9c02AShV1KTW3A8wq/pubhtml/sheet?headers=false&gid=1882334994,Kustwacht/KNRM/Reddingsbrigade:2:1:452,
ZVT179,Reddingsbrigade Zandvoort Duarry SB8,Kustwacht/KNRM/Reddingsbrigade,,tomzulu_abbreviations,https://docs.google.com/spreadsheets/d/e/2PACX-1vQEUdOx_hCvNSkygQpbcwzWVBxQnXrsBoDD8raIOipSGhWqzfE4WfI0e33keKa9c02AShV1KTW3A8wq/pubhtml/sheet?headers=false&gid=1882334994,Kustwacht/KNRM/Reddingsbrigade:2:1:453,
ZVTkhv,KNRM station Zandvoort kusthulpverleningsvoertuig,Kustwacht/KNRM/Reddingsbrigade,,tomzulu_abbreviations,https://docs.google.com/spreadsheets/d/e/2PACX-1vQEUdOx_hCvNSkygQpbcwzWVBxQnXrsBoDD8raIOipSGhWqzfE4WfI0e33keKa9c02AShV1KTW3A8wq/pubhtml/sheet?headers=false&gid=1882334994,Kustwacht/KNRM/Reddingsbrigade:2:1:454,
ZVTrba,Reddingsbrigade Zandvoort Alarmploeg,Kustwacht/KNRM/Reddingsbrigade,,tomzulu_abbreviations,https://docs.google.com/spreadsheets/d/e/2PACX-1vQEUdOx_hCvNSkygQpbcwzWVBxQnXrsBoDD8raIOipSGhWqzfE4WfI0e33keKa9c02AShV1KTW3A8wq/pubhtml/sheet?headers=false&gid=1882334994,Kustwacht/KNRM/Reddingsbrigade:2:1:455,
ZVTrbs,Reddingsbrigade Zandvoort Strandploeg,Kustwacht/KNRM/Reddingsbrigade,,tomzulu_abbreviations,https://docs.google.com/spreadsheets/d/e/2PACX-1vQEUdOx_hCvNSkygQpbcwzWVBxQnXrsBoDD8raIOipSGhWqzfE4WfI0e33keKa9c02AShV1KTW3A8wq/pubhtml/sheet?headers=false&gid=1882334994,Kustwacht/KNRM/Reddingsbrigade:2:1:456,
